"Date","Price","Open","High","Low","Vol.","Change %"
"Feb 02, 2018","38,651","39,460","39,615","38,475","21.72K","-1.67"
"Feb 01, 2018","39,309","39,386","39,580","39,225","16.80K","-0.03"
"Jan 31, 2018","39,319","39,209","39,382","39,139","10.04K","0.50"
"Jan 30, 2018","39,123","39,096","39,450","39,020","11.80K","-0.05"
"Jan 29, 2018","39,141","39,850","39,850","39,079","12.77K","-2.05"
"Jan 25, 2018","39,960","39,799","40,180","39,660","16.04K","0.64"
"Jan 24, 2018","39,707","38,850","39,775","38,850","19.99K","2.51"
"Jan 23, 2018","38,733","39,043","39,086","38,402","15.80K","-0.63"
"Jan 22, 2018","38,979","38,883","39,145","38,800","9.94K","0.03"
"Jan 19, 2018","38,969","38,900","39,290","38,883","8.73K","0.13"
"Jan 18, 2018","38,917","39,125","39,167","38,859","11.76K","-0.72"
"Jan 17, 2018","39,201","39,420","39,487","39,058","13.89K","-0.56"
"Jan 16, 2018","39,420","39,626","39,693","38,573","17.21K","-0.38"
"Jan 15, 2018","39,570","39,325","39,660","39,325","9.95K","1.30"
"Jan 12, 2018","39,063","39,045","39,219","38,882","13.12K","0.32"
"Jan 11, 2018","38,939","38,992","39,031","38,666","12.10K","-0.14"
"Jan 10, 2018","38,992","38,802","39,300","38,742","17.47K","0.38"
"Jan 09, 2018","38,845","39,099","39,129","38,804","11.35K","-0.51"
"Jan 08, 2018","39,043","39,245","39,245","38,920","11.95K","-0.53"
"Jan 05, 2018","39,253","39,190","39,350","39,030","12.98K","-0.06"
"Jan 04, 2018","39,276","39,110","39,372","38,900","16.86K","-0.06"
"Jan 03, 2018","39,300","39,071","39,340","38,955","13.35K","0.31"
"Jan 02, 2018","39,180","39,175","39,285","38,978","12.75K","0.01"
"Jan 01, 2018","39,176","39,089","39,234","39,070","1.76K","-0.16"
"Dec 29, 2017","39,237","38,768","39,313","38,754","12.99K","0.85"
"Dec 28, 2017","38,906","38,756","38,950","38,515","15.39K","0.60"
"Dec 27, 2017","38,673","38,254","38,738","38,253","13.97K","0.99"
"Dec 26, 2017","38,294","37,980","38,333","37,980","10.79K","0.90"
"Dec 22, 2017","37,954","37,470","38,058","37,450","12.22K","1.13"
"Dec 21, 2017","37,530","37,626","37,676","37,365","10.50K","-0.31"
"Dec 20, 2017","37,646","37,464","37,740","37,408","11.52K","0.68"
"Dec 19, 2017","37,392","37,537","37,624","37,313","11.15K","-0.40"
"Dec 18, 2017","37,541","37,340","37,569","37,276","12.14K","0.90"
"Dec 15, 2017","37,205","37,054","37,368","36,940","12.01K","0.41"
"Dec 14, 2017","37,054","37,299","37,548","36,917","14.54K","0.24"
"Dec 13, 2017","36,967","36,776","37,020","36,701","10.57K","0.65"
"Dec 12, 2017","36,729","36,949","37,034","36,672","14.46K","-0.55"
"Dec 11, 2017","36,933","37,081","37,164","36,880","10.58K","-0.33"
"Dec 08, 2017","37,055","37,000","37,205","36,872","13.48K","0.05"
"Dec 07, 2017","37,036","37,469","37,474","36,992","15.54K","-1.09"
"Dec 06, 2017","37,444","37,701","37,850","37,415","13.58K","1.10"
"Dec 05, 2017","37,037","37,565","37,565","36,939","0.08K","-1.22"
"Dec 04, 2017","37,494","37,615","37,836","37,430","0.15K","-0.23"
"Dec 01, 2017","37,582","37,724","37,970","37,300","3.59K","0.13"
"Nov 30, 2017","37,532","37,521","38,098","37,422","15.92K","-1.10"
"Nov 29, 2017","37,948","38,716","38,748","37,855","14.28K","-1.74"
"Nov 28, 2017","38,619","39,274","39,274","38,555","16.25K","-1.65"
"Nov 27, 2017","39,266","39,426","39,494","39,155","10.92K","0.06"
"Nov 24, 2017","39,241","39,495","39,570","39,162","9.19K","-0.38"
"Nov 23, 2017","39,392","39,541","39,569","39,360","6.09K","-0.45"
"Nov 22, 2017","39,569","39,280","39,617","39,246","10.70K","0.68"
"Nov 21, 2017","39,300","39,299","39,486","39,210","11.57K","0.10"
"Nov 20, 2017","39,261","40,051","40,051","39,200","19.47K","-1.88"
"Nov 17, 2017","40,013","39,700","40,208","39,520","13.39K","0.54"
"Nov 16, 2017","39,799","39,702","39,860","39,583","10.26K","0.22"
"Nov 15, 2017","39,711","39,753","40,080","39,650","15.41K","-0.32"
"Nov 14, 2017","39,838","39,815","39,978","39,530","14.17K","-0.19"
"Nov 13, 2017","39,912","39,551","39,939","39,445","13.15K","1.03"
"Nov 10, 2017","39,507","39,657","39,965","39,319","14.49K","-0.34"
"Nov 09, 2017","39,641","39,750","39,900","39,455","14.83K","-0.62"
"Nov 08, 2017","39,888","39,650","40,100","39,583","14.96K","0.74"
"Nov 07, 2017","39,594","39,713","40,034","39,544","16.12K","-0.75"
"Nov 06, 2017","39,895","39,133","39,945","39,124","15.46K","2.17"
"Nov 03, 2017","39,048","39,669","39,780","38,976","15.35K","-1.43"
"Nov 02, 2017","39,614","39,724","39,900","39,467","14.38K","-0.22"
"Nov 01, 2017","39,700","38,814","39,799","38,797","21.37K","2.27"
"Oct 31, 2017","38,818","39,291","39,330","38,688","14.05K","-1.14"
"Oct 30, 2017","39,265","39,124","39,362","38,955","10.36K","0.30"
"Oct 27, 2017","39,149","39,248","39,293","38,925","16.51K","-0.31"
"Oct 26, 2017","39,272","39,560","39,670","39,231","13.37K","-0.54"
"Oct 25, 2017","39,484","39,626","39,700","39,356","14.34K","-0.60"
"Oct 24, 2017","39,722","39,973","40,040","39,660","12.77K","-0.47"
"Oct 23, 2017","39,910","39,750","39,990","39,476","14.05K","0.08"
"Oct 20, 2017","39,877","39,955","40,244","39,665","9.36K","0.08"
"Oct 19, 2017","39,846","39,715","39,883","39,632","2.17K","0.20"
"Oct 18, 2017","39,767","39,866","39,928","39,624","8.74K","-0.01"
"Oct 17, 2017","39,769","40,248","40,248","39,727","14.42K","-1.42"
"Oct 16, 2017","40,341","40,404","40,632","40,305","9.38K","-0.14"
"Oct 13, 2017","40,399","40,312","40,479","40,155","12.29K","0.12"
"Oct 12, 2017","40,352","40,300","40,425","40,125","10.72K","0.56"
"Oct 11, 2017","40,129","40,207","40,308","40,085","8.67K","-0.49"
"Oct 10, 2017","40,327","39,980","40,440","39,980","14.10K","0.97"
"Oct 09, 2017","39,940","39,939","39,999","39,782","10.39K","0.87"
"Oct 06, 2017","39,596","39,140","39,828","38,710","26.12K","1.08"
"Oct 05, 2017","39,172","39,049","39,320","39,005","11.75K","0.22"
"Oct 04, 2017","39,086","39,456","39,626","39,000","15.75K","-0.62"
"Oct 03, 2017","39,328","39,314","39,400","39,255","7.96K","-0.33"
"Sep 29, 2017","39,457","39,736","39,864","39,309","13.77K","-0.74"
"Sep 28, 2017","39,750","39,734","39,826","39,551","13.10K","0.05"
"Sep 27, 2017","39,732","39,843","40,025","39,650","13.95K","-0.31"
"Sep 26, 2017","39,857","40,385","40,595","39,672","17.39K","-1.04"
"Sep 25, 2017","40,276","39,601","40,433","39,538","17.79K","1.38"
"Sep 22, 2017","39,727","40,012","40,060","39,630","12.79K","-0.27"
"Sep 21, 2017","39,833","40,080","40,080","39,515","17.71K","-1.03"
"Sep 20, 2017","40,247","40,150","40,340","40,073","11.60K","0.46"
"Sep 19, 2017","40,062","39,843","40,148","39,736","14.34K","0.75"
"Sep 18, 2017","39,764","40,667","40,684","39,601","20.99K","-2.57"
"Sep 15, 2017","40,814","41,157","41,189","40,731","17.67K","-0.79"
"Sep 14, 2017","41,140","41,010","41,187","40,800","17.63K","0.07"
"Sep 13, 2017","41,110","41,242","41,434","40,900","16.86K","-0.26"
"Sep 12, 2017","41,216","41,269","41,590","40,964","13.12K","0.13"
"Sep 11, 2017","41,164","41,250","41,335","40,893","17.83K","-0.98"
"Sep 08, 2017","41,570","41,750","41,927","41,328","17.02K","-0.11"
"Sep 07, 2017","41,617","41,225","41,775","41,160","20.03K","0.71"
"Sep 06, 2017","41,323","41,499","41,620","41,204","15.24K","1.76"
"Sep 05, 2017","40,609","40,680","40,877","40,505","0.17K","-0.07"
"Sep 04, 2017","40,639","40,537","40,713","40,400","0.28K","1.54"
"Sep 01, 2017","40,021","39,780","40,104","39,590","2.50K","0.56"
"Aug 31, 2017","39,798","39,620","39,865","39,435","17.95K","0.19"
"Aug 30, 2017","39,721","39,800","39,830","39,455","16.46K","-0.24"
"Aug 29, 2017","39,818","39,821","40,275","39,755","25.12K","0.23"
"Aug 28, 2017","39,727","39,090","39,760","39,060","19.74K","1.83"
"Aug 25, 2017","39,012","38,980","39,288","38,313","18.74K","0.39"
"Aug 24, 2017","38,860","39,056","39,176","38,580","17.57K","-0.55"
"Aug 23, 2017","39,074","38,939","39,145","38,860","12.80K","0.35"
"Aug 22, 2017","38,939","38,978","39,225","38,722","18.82K","-0.38"
"Aug 21, 2017","39,088","38,887","39,270","38,785","15.15K","0.06"
"Aug 18, 2017","39,063","39,002","39,677","38,920","24.37K","-0.09"
"Aug 17, 2017","39,098","39,000","39,350","38,957","18.40K","0.60"
"Aug 16, 2017","38,863","38,500","38,988","38,305","22.79K","-0.80"
"Aug 14, 2017","39,178","39,186","39,328","38,875","17.28K","-0.04"
"Aug 11, 2017","39,194","39,211","39,396","38,801","24.38K","-0.05"
"Aug 10, 2017","39,213","38,682","39,520","38,660","25.68K","1.61"
"Aug 09, 2017","38,590","37,680","38,690","37,680","25.21K","2.91"
"Aug 08, 2017","37,499","37,314","37,625","37,176","19.12K","0.61"
"Aug 07, 2017","37,271","37,117","37,383","36,935","13.97K","0.02"
"Aug 04, 2017","37,262","38,076","38,238","37,052","27.03K","-2.01"
"Aug 03, 2017","38,027","37,900","38,099","37,561","19.68K","-0.23"
"Aug 02, 2017","38,116","38,290","38,342","37,687","22.21K","-1.03"
"Aug 01, 2017","38,512","38,672","38,748","38,230","17.94K","-0.34"
"Jul 31, 2017","38,645","38,442","38,820","38,392","14.21K","0.48"
"Jul 28, 2017","38,460","38,500","38,575","38,110","14.90K","0.51"
"Jul 27, 2017","38,263","38,398","38,699","38,179","19.98K","0.45"
"Jul 26, 2017","38,091","38,017","38,146","37,778","15.15K","-0.52"
"Jul 25, 2017","38,289","38,085","38,450","37,652","26.55K","0.53"
"Jul 24, 2017","38,086","38,150","38,370","38,040","15.19K","-0.17"
"Jul 21, 2017","38,150","37,777","38,170","37,743","14.93K","0.71"
"Jul 20, 2017","37,881","37,665","37,966","37,425","20.21K","0.33"
"Jul 19, 2017","37,757","37,613","37,824","37,435","15.94K","0.16"
"Jul 18, 2017","37,695","37,492","37,776","37,317","18.24K","0.76"
"Jul 17, 2017","37,410","37,198","37,500","37,060","16.95K","1.19"
"Jul 14, 2017","36,970","36,450","37,244","36,325","22.56K","1.04"
"Jul 13, 2017","36,590","37,055","37,080","36,530","16.58K","-1.02"
"Jul 12, 2017","36,968","36,933","37,190","36,668","19.24K","0.54"
"Jul 11, 2017","36,771","36,328","36,824","36,060","19.92K","0.62"
"Jul 10, 2017","36,544","36,226","36,597","35,460","31.28K","0.86"
"Jul 07, 2017","36,231","37,440","37,440","35,980","30.98K","-3.26"
"Jul 06, 2017","37,452","37,428","37,597","37,321","12.82K","0.88"
"Jul 05, 2017","37,124","37,367","37,367","36,900","0.11K","-0.17"
"Jul 04, 2017","37,188","37,098","37,380","37,098","0.49K","-0.17"
"Jul 03, 2017","37,250","38,356","38,370","37,197","3.35K","-2.85"
"Jun 30, 2017","38,344","38,600","38,600","38,157","15.59K","-0.66"
"Jun 29, 2017","38,599","38,878","38,920","38,361","15.91K","-0.27"
"Jun 28, 2017","38,704","38,515","38,880","38,515","15.86K","0.91"
"Jun 27, 2017","38,355","38,210","38,516","38,175","11.90K","0.13"
"Jun 26, 2017","38,304","38,130","38,360","37,925","7.63K","-0.48"
"Jun 23, 2017","38,488","38,320","38,690","38,320","12.06K","0.70"
"Jun 22, 2017","38,220","38,100","38,533","38,100","14.12K","0.64"
"Jun 21, 2017","37,977","38,201","38,226","37,811","13.90K","-0.23"
"Jun 20, 2017","38,065","38,177","38,349","37,931","16.61K","-0.27"
"Jun 19, 2017","38,169","38,423","38,440","38,133","13.20K","-0.81"
"Jun 16, 2017","38,481","38,708","38,830","38,430","14.38K","-0.62"
"Jun 15, 2017","38,721","39,150","39,150","38,555","18.62K","-1.77"
"Jun 14, 2017","39,418","38,895","39,821","38,830","19.11K","1.67"
"Jun 13, 2017","38,771","39,066","39,085","38,632","16.91K","-1.01"
"Jun 12, 2017","39,165","39,551","39,618","39,075","17.95K","-1.33"
"Jun 09, 2017","39,694","39,920","39,946","39,558","13.61K","-0.89"
"Jun 08, 2017","40,050","40,451","40,648","39,775","20.26K","-1.24"
"Jun 07, 2017","40,552","40,790","40,790","40,412","14.86K","-0.55"
"Jun 06, 2017","40,777","40,452","40,842","40,452","14.29K","0.80"
"Jun 05, 2017","40,453","40,357","40,620","40,283","13.10K","0.44"
"Jun 02, 2017","40,274","39,440","40,400","39,440","18.86K","1.16"
"Jun 01, 2017","39,813","40,016","40,065","39,333","21.41K","-0.71"
"May 31, 2017","40,096","40,105","40,275","39,910","13.26K","-0.46"
"May 30, 2017","40,282","40,380","40,470","39,925","17.72K","-0.14"
"May 29, 2017","40,337","40,101","40,367","40,100","7.17K","0.61"
"May 26, 2017","40,091","39,854","40,195","39,795","14.56K","0.73"
"May 25, 2017","39,802","39,878","39,990","39,755","11.37K","-0.08"
"May 24, 2017","39,832","39,740","39,887","39,471","15.03K","-0.32"
"May 23, 2017","39,958","39,911","40,245","39,658","20.36K","0.21"
"May 22, 2017","39,874","39,177","39,920","39,123","16.33K","1.95"
"May 19, 2017","39,111","38,820","39,225","38,808","14.40K","0.57"
"May 18, 2017","38,889","39,159","39,375","38,541","27.68K","-0.79"
"May 17, 2017","39,199","38,909","39,375","38,909","16.78K","1.17"
"May 16, 2017","38,744","38,621","38,775","38,580","9.86K","0.63"
"May 15, 2017","38,502","38,231","38,884","38,231","14.56K","0.91"
"May 12, 2017","38,155","38,093","38,293","38,093","10.70K","0.43"
"May 11, 2017","37,992","37,957","38,225","37,861","13.47K","0.11"
"May 10, 2017","37,952","37,989","38,290","37,870","13.27K","0.43"
"May 09, 2017","37,789","38,157","38,157","37,720","12.51K","-0.58"
"May 08, 2017","38,011","38,099","38,287","37,926","10.88K","0.67"
"May 05, 2017","37,757","37,900","38,147","37,593","0.06K","0.14"
"May 04, 2017","37,706","38,211","38,211","37,504","0.23K","-1.53"
"May 03, 2017","38,292","38,744","38,744","38,108","0.27K","-1.03"
"May 02, 2017","38,689","38,808","39,012","38,685","0.71K","0.01"
"May 01, 2017","38,685","39,170","39,433","38,530","2.66K","-2.07"
"Apr 28, 2017","39,503","39,720","40,100","39,400","17.23K","-0.42"
"Apr 27, 2017","39,670","40,047","40,087","39,625","12.85K","-0.47"
"Apr 26, 2017","39,858","40,317","40,375","39,748","15.26K","-1.38"
"Apr 25, 2017","40,416","41,045","41,088","40,338","12.90K","-1.73"
"Apr 24, 2017","41,129","41,083","41,190","40,800","11.58K","-0.39"
"Apr 21, 2017","41,289","41,440","41,475","41,100","12.29K","-0.52"
"Apr 20, 2017","41,505","41,801","41,975","41,200","14.05K","-0.94"
"Apr 19, 2017","41,898","42,000","42,050","41,704","10.42K","-0.69"
"Apr 18, 2017","42,187","42,300","42,368","41,630","17.48K","-0.73"
"Apr 17, 2017","42,497","42,750","42,750","42,432","8.60K","-0.17"
"Apr 13, 2017","42,571","42,301","42,694","42,301","11.57K","0.87"
"Apr 12, 2017","42,202","42,308","42,418","42,154","9.03K","0.04"
"Apr 11, 2017","42,187","41,460","42,275","41,321","13.59K","1.98"
"Apr 10, 2017","41,366","41,357","41,468","41,006","10.96K","-0.03"
"Apr 07, 2017","41,379","42,340","42,432","41,128","17.87K","-1.70"
"Apr 06, 2017","42,093","42,331","42,389","41,952","10.64K","-0.39"
"Apr 05, 2017","42,258","42,500","42,518","42,175","12.29K","-0.73"
"Apr 04, 2017","42,570","42,470","42,820","42,411","8.77K","0.59"
"Apr 03, 2017","42,321","42,310","42,434","42,060","10.87K","-0.01"
"Mar 31, 2017","42,326","42,040","42,360","41,901","9.38K","0.42"
"Mar 30, 2017","42,147","42,302","42,400","41,960","11.47K","-0.32"
"Mar 29, 2017","42,283","42,190","42,298","42,005","9.73K","-0.25"
"Mar 28, 2017","42,388","42,036","42,440","41,992","10.87K","0.63"
"Mar 27, 2017","42,122","41,650","42,153","41,650","10.64K","1.43"
"Mar 24, 2017","41,530","41,302","41,618","41,210","9.69K","0.56"
"Mar 23, 2017","41,300","41,170","41,497","41,165","11.57K","0.16"
"Mar 22, 2017","41,233","41,310","41,348","41,063","9.21K","-0.12"
"Mar 21, 2017","41,282","40,750","41,315","40,705","11.59K","1.01"
"Mar 20, 2017","40,869","41,051","41,062","40,810","7.27K","-0.10"
"Mar 17, 2017","40,909","40,761","40,949","40,675","8.19K","0.77"
"Mar 16, 2017","40,598","40,450","41,235","40,450","15.70K","1.38"
"Mar 15, 2017","40,045","40,000","40,116","39,808","10.55K","-0.09"
"Mar 14, 2017","40,083","40,402","40,467","40,006","10.71K","-0.83"
"Mar 13, 2017","40,418","40,680","40,680","40,360","4.41K","-0.27"
"Mar 10, 2017","40,528","40,750","40,894","40,420","15.76K","-0.75"
"Mar 09, 2017","40,834","41,331","41,408","40,776","15.61K","-1.44"
"Mar 08, 2017","41,430","41,927","41,959","41,377","12.44K","-1.22"
"Mar 07, 2017","41,943","42,475","42,475","41,888","11.37K","-1.15"
"Mar 06, 2017","42,429","42,780","42,799","42,370","9.17K","0.66"
"Mar 03, 2017","42,151","42,259","42,300","41,996","0.14K","-0.07"
"Mar 02, 2017","42,182","43,341","43,415","42,069","0.37K","-2.82"
"Mar 01, 2017","43,408","43,107","43,461","43,065","0.76K","0.37"
"Feb 28, 2017","43,247","43,350","43,605","43,102","11.25K","-0.41"
"Feb 27, 2017","43,424","43,343","43,574","43,289","9.07K","0.16"
"Feb 24, 2017","43,353","43,086","43,425","43,086","9.15K","1.16"
"Feb 23, 2017","42,856","42,738","43,062","42,550","12.85K","0.33"
"Feb 22, 2017","42,713","42,747","42,865","42,601","9.64K","-0.29"
"Feb 21, 2017","42,836","42,810","42,929","42,415","13.73K","-0.15"
"Feb 20, 2017","42,900","42,650","42,938","42,616","5.81K","-0.09"
"Feb 17, 2017","42,937","42,919","42,999","42,782","9.84K","-0.17"
"Feb 16, 2017","43,010","42,710","43,131","42,655","14.72K","0.84"
"Feb 15, 2017","42,651","42,559","42,689","42,286","11.87K","0.40"
"Feb 14, 2017","42,480","42,549","42,888","42,222","16.52K","0.14"
"Feb 13, 2017","42,422","42,629","42,731","42,355","11.15K","-0.41"
"Feb 10, 2017","42,597","42,145","42,736","41,793","14.93K","1.35"
"Feb 09, 2017","42,031","42,379","42,413","41,884","14.55K","-0.74"
"Feb 08, 2017","42,345","42,393","42,533","42,195","11.75K","-0.37"
"Feb 07, 2017","42,502","42,330","42,580","42,170","13.29K","0.51"
"Feb 06, 2017","42,286","41,888","42,340","41,888","10.64K","1.17"
"Feb 03, 2017","41,797","41,689","41,878","41,444","13.78K","-0.01"
"Feb 02, 2017","41,801","42,250","42,468","41,730","15.74K","-0.21"
"Feb 01, 2017","41,889","41,893","42,249","41,701","16.05K","-0.05"
"Jan 31, 2017","41,911","41,536","41,990","41,410","16.62K","1.30"
"Jan 30, 2017","41,372","41,516","41,625","41,300","10.68K","-0.14"
"Jan 27, 2017","41,432","40,990","41,739","40,470","17.94K","0.58"
"Jan 25, 2017","41,193","41,590","41,590","40,860","14.81K","-1.26"
"Jan 24, 2017","41,718","41,786","41,929","41,565","9.47K","0.06"
"Jan 23, 2017","41,692","41,241","41,830","41,241","9.45K","0.64"
"Jan 20, 2017","41,425","41,384","41,606","41,102","15.41K","0.38"
"Jan 19, 2017","41,270","41,704","41,704","40,850","18.14K","-1.73"
"Jan 18, 2017","41,997","41,645","42,086","41,515","11.82K","0.96"
"Jan 17, 2017","41,599","41,114","41,780","41,086","16.11K","1.56"
"Jan 16, 2017","40,960","41,277","41,277","40,881","7.01K","0.18"
"Jan 13, 2017","40,887","40,757","41,066","40,590","13.05K","0.07"
"Jan 12, 2017","40,859","41,023","41,313","40,770","14.95K","-0.36"
"Jan 11, 2017","41,008","41,037","41,249","40,570","15.13K","-0.21"
"Jan 10, 2017","41,096","40,722","41,319","40,556","13.53K","1.00"
"Jan 09, 2017","40,688","40,330","40,780","40,222","11.48K","0.86"
"Jan 06, 2017","40,342","40,344","40,538","39,703","18.06K","-0.26"
"Jan 05, 2017","40,448","40,460","40,678","40,328","14.54K","0.45"
"Jan 04, 2017","40,267","39,811","40,350","39,811","11.59K","-0.01"
"Jan 03, 2017","40,270","39,350","40,570","39,250","23.03K","2.90"
"Jan 02, 2017","39,136","39,174","39,375","39,007","2.95K","0.22"
"Dec 30, 2016","39,049","39,710","39,875","38,931","13.16K","-1.44"
"Dec 29, 2016","39,621","39,655","39,843","39,350","12.22K","0.51"
"Dec 28, 2016","39,420","39,300","39,527","39,070","11.97K","0.77"
"Dec 27, 2016","39,118","38,740","39,424","38,740","12.72K","1.57"
"Dec 26, 2016","38,513","38,740","38,740","38,325","2.91K","-0.21"
"Dec 23, 2016","38,595","39,017","39,165","38,544","10.05K","-0.96"
"Dec 22, 2016","38,970","39,007","39,397","38,860","13.73K","-0.43"
"Dec 21, 2016","39,140","39,605","39,763","39,066","15.18K","-0.73"
"Dec 20, 2016","39,426","39,411","39,559","38,670","17.37K","-0.02"
"Dec 19, 2016","39,433","39,600","39,672","39,336","8.54K","-0.66"
"Dec 16, 2016","39,694","39,470","39,923","39,188","18.59K","1.02"
"Dec 15, 2016","39,295","41,301","41,337","39,120","33.32K","-5.83"
"Dec 14, 2016","41,728","41,227","41,970","41,227","13.27K","1.20"
"Dec 13, 2016","41,235","41,620","41,760","40,972","13.39K","-1.17"
"Dec 12, 2016","41,724","41,238","41,800","41,055","9.29K","1.22"
"Dec 09, 2016","41,221","41,417","41,685","41,126","13.00K","-0.73"
"Dec 08, 2016","41,525","41,863","41,863","41,358","10.95K","-1.00"
"Dec 07, 2016","41,946","40,912","41,999","40,851","15.72K","2.25"
"Dec 06, 2016","41,022","40,990","41,421","40,973","11.53K","1.94"
"Dec 05, 2016","40,241","40,181","40,480","39,970","0.08K","-0.21"
"Dec 02, 2016","40,327","40,031","40,500","39,667","0.28K","1.53"
"Dec 01, 2016","39,718","39,855","40,177","39,601","2.23K","-0.93"
"Nov 30, 2016","40,089","40,765","40,826","39,930","10.36K","-1.83"
"Nov 29, 2016","40,838","40,151","40,950","40,114","11.43K","0.41"
"Nov 28, 2016","40,672","41,050","41,300","40,535","11.17K","0.43"
"Nov 25, 2016","40,498","39,901","40,621","39,860","15.95K","0.46"
"Nov 24, 2016","40,312","40,304","40,425","40,075","8.83K","-0.53"
"Nov 23, 2016","40,526","40,784","40,882","39,969","18.71K","-0.65"
"Nov 22, 2016","40,790","40,765","41,093","40,556","13.26K","0.67"
"Nov 21, 2016","40,517","40,467","40,784","40,435","9.65K","0.32"
"Nov 18, 2016","40,388","40,415","40,638","40,130","15.65K","-0.86"
"Nov 17, 2016","40,740","41,181","41,390","40,665","11.45K","-1.21"
"Nov 16, 2016","41,238","41,541","41,637","41,064","11.40K","-0.41"
"Nov 15, 2016","41,407","41,200","41,590","40,767","13.72K","0.95"
"Nov 14, 2016","41,017","41,543","41,680","40,533","16.72K","-2.79"
"Nov 11, 2016","42,194","43,988","44,435","41,899","32.16K","-4.46"
"Nov 10, 2016","44,166","43,535","44,405","43,535","16.62K","1.81"
"Nov 09, 2016","43,379","43,490","44,790","43,257","24.87K","0.16"
"Nov 08, 2016","43,309","43,024","44,176","42,860","30.77K","0.88"
"Nov 07, 2016","42,933","43,106","43,179","42,609","16.72K","-1.07"
"Nov 04, 2016","43,398","43,236","43,630","43,000","16.62K","0.12"
"Nov 03, 2016","43,348","44,059","44,059","42,660","26.75K","-1.66"
"Nov 02, 2016","44,079","43,670","44,200","43,604","20.49K","1.16"
"Nov 01, 2016","43,573","42,494","43,740","42,494","22.89K","2.76"
"Oct 31, 2016","42,402","42,506","42,506","42,336","5.13K","-0.05"
"Oct 30, 2016","42,425","42,605","42,605","42,400","1.04K","-0.27"
"Oct 28, 2016","42,541","42,238","42,649","41,925","20.58K","0.76"
"Oct 27, 2016","42,222","42,026","42,320","42,026","13.17K","0.25"
"Oct 26, 2016","42,116","42,452","42,569","42,053","16.98K","-0.70"
"Oct 25, 2016","42,415","42,151","42,458","42,151","15.07K","0.85"
"Oct 24, 2016","42,058","41,997","42,570","41,931","19.23K","0.24"
"Oct 21, 2016","41,958","41,839","42,068","41,816","10.74K","-0.09"
"Oct 20, 2016","41,996","42,350","42,392","41,821","18.77K","-0.47"
"Oct 19, 2016","42,194","42,185","42,477","42,050","17.24K","0.05"
"Oct 18, 2016","42,175","42,099","42,370","41,978","18.32K","0.73"
"Oct 17, 2016","41,871","41,826","41,990","41,627","12.36K","0.12"
"Oct 14, 2016","41,821","41,856","42,167","41,567","17.88K","-0.16"
"Oct 13, 2016","41,890","42,300","42,400","41,851","17.23K","-0.38"
"Oct 12, 2016","42,051","41,867","42,150","41,755","9.00K","0.13"
"Oct 11, 2016","41,998","42,034","42,316","41,801","9.29K","-0.50"
"Oct 10, 2016","42,210","42,100","42,579","42,100","17.03K","0.82"
"Oct 07, 2016","41,865","41,625","42,300","41,060","38.10K","0.83"
"Oct 06, 2016","41,521","42,500","42,773","41,160","32.92K","-2.57"
"Oct 05, 2016","42,615","42,950","43,198","42,120","30.98K","-0.62"
"Oct 04, 2016","42,881","44,968","45,095","42,570","39.76K","-4.48"
"Oct 03, 2016","44,893","45,550","45,891","44,800","23.24K","-1.82"
"Sep 30, 2016","45,726","45,680","46,889","45,616","30.94K","-0.24"
"Sep 29, 2016","45,834","45,805","46,035","45,550","20.38K","0.55"
"Sep 28, 2016","45,583","45,363","45,700","45,234","16.94K","0.20"
"Sep 27, 2016","45,494","46,311","46,448","45,357","25.75K","-2.17"
"Sep 26, 2016","46,501","46,800","46,800","46,310","18.99K","-0.67"
"Sep 23, 2016","46,817","47,289","47,415","46,686","22.47K","-1.58"
"Sep 22, 2016","47,568","47,302","47,635","47,070","24.81K","0.85"
"Sep 21, 2016","47,169","45,920","47,325","45,890","28.24K","2.23"
"Sep 20, 2016","46,138","46,189","46,245","45,851","14.92K","0.21"
"Sep 19, 2016","46,041","45,620","46,268","45,620","17.32K","1.70"
"Sep 16, 2016","45,273","45,540","45,600","45,051","17.36K","-0.80"
"Sep 15, 2016","45,638","45,569","46,071","45,280","22.57K","0.07"
"Sep 14, 2016","45,605","45,510","45,836","45,408","18.15K","0.23"
"Sep 13, 2016","45,501","45,800","45,850","45,350","13.09K","0.12"
"Sep 12, 2016","45,447","46,100","46,100","45,080","27.35K","-1.62"
"Sep 09, 2016","46,194","46,719","46,760","46,125","16.95K","-1.11"
"Sep 08, 2016","46,714","47,220","47,360","46,605","18.97K","-0.64"
"Sep 07, 2016","47,013","47,512","47,548","46,915","16.15K","-1.25"
"Sep 06, 2016","47,607","46,465","47,694","46,341","21.36K","2.46"
"Sep 05, 2016","46,465","46,465","46,465","46,465","0","2.17"
"Sep 02, 2016","45,480","44,528","45,800","44,300","0.26K","2.67"
"Sep 01, 2016","44,298","44,179","44,595","43,832","2.31K","0.70"
"Aug 31, 2016","43,988","44,258","44,415","43,924","14.80K","0.02"
"Aug 30, 2016","43,980","44,219","44,299","43,916","15.13K","-0.87"
"Aug 29, 2016","44,367","43,866","44,480","43,559","16.54K","0.89"
"Aug 26, 2016","43,977","43,822","44,723","43,657","26.72K","0.73"
"Aug 25, 2016","43,659","43,850","43,919","43,521","16.50K","-0.24"
"Aug 24, 2016","43,766","44,433","44,548","43,722","23.69K","-1.64"
"Aug 23, 2016","44,496","44,747","44,880","44,450","18.76K","-0.04"
"Aug 22, 2016","44,516","45,258","45,258","44,417","22.36K","-2.04"
"Aug 19, 2016","45,444","45,978","46,080","45,150","24.99K","-1.41"
"Aug 18, 2016","46,094","46,275","46,344","45,850","18.57K","0.45"
"Aug 17, 2016","45,886","46,359","46,359","45,728","22.21K","-0.97"
"Aug 16, 2016","46,336","46,523","46,820","46,060","24.67K","0.46"
"Aug 12, 2016","46,125","46,626","47,072","46,030","29.78K","-1.35"
"Aug 11, 2016","46,755","46,871","47,219","46,477","26.22K","-0.76"
"Aug 10, 2016","47,115","46,625","47,635","46,625","27.52K","1.60"
"Aug 09, 2016","46,372","46,198","46,450","45,911","15.87K","0.18"
"Aug 08, 2016","46,287","46,110","46,438","45,877","16.06K","0.13"
"Aug 05, 2016","46,225","47,605","47,713","46,154","30.06K","-3.05"
"Aug 04, 2016","47,677","47,633","47,929","46,956","21.74K","0.01"
"Aug 03, 2016","47,671","48,229","48,444","47,629","23.07K","-0.83"
"Aug 02, 2016","48,071","47,679","48,445","47,541","22.42K","0.74"
"Aug 01, 2016","47,717","47,588","48,062","47,588","18.01K","0.50"
"Jul 29, 2016","47,480","47,515","47,644","46,973","25.54K","0.25"
"Jul 28, 2016","47,362","47,128","48,122","47,128","29.78K","0.73"
"Jul 27, 2016","47,019","46,258","47,349","46,154","23.88K","1.33"
"Jul 26, 2016","46,404","46,376","46,649","46,289","13.05K","-0.15"
"Jul 25, 2016","46,473","46,150","46,599","45,801","19.80K","0.33"
"Jul 22, 2016","46,321","46,503","46,652","46,170","19.37K","-0.64"
"Jul 21, 2016","46,621","45,771","46,676","45,598","29.35K","1.19"
"Jul 20, 2016","46,072","46,947","46,980","45,951","27.53K","-2.02"
"Jul 19, 2016","47,024","47,027","47,130","46,720","18.12K","-0.30"
"Jul 18, 2016","47,167","47,036","47,260","46,563","22.43K","-0.23"
"Jul 15, 2016","47,275","47,416","47,698","47,101","21.71K","-0.49"
"Jul 14, 2016","47,509","47,649","47,690","47,013","28.47K","-0.67"
"Jul 13, 2016","47,830","47,832","48,100","47,450","25.00K","1.03"
"Jul 12, 2016","47,342","48,060","48,244","47,000","34.87K","-0.98"
"Jul 11, 2016","47,812","47,900","48,611","47,621","27.67K","0.68"
"Jul 08, 2016","47,487","46,901","47,598","45,840","39.72K","1.27"
"Jul 07, 2016","46,893","47,949","47,984","46,426","30.78K","-1.87"
"Jul 06, 2016","47,788","47,800","48,506","47,450","22.63K","2.74"
"Jul 05, 2016","46,514","46,799","46,812","46,095","0.52K","-2.00"
"Jul 04, 2016","47,465","47,256","48,048","46,568","1.54K","4.18"
"Jul 01, 2016","45,559","45,145","45,646","44,601","2.73K","4.81"
"Jun 30, 2016","43,467","43,213","43,700","43,104","14.21K","0.61"
"Jun 29, 2016","43,202","42,599","43,409","42,599","26.99K","2.02"
"Jun 28, 2016","42,346","42,200","42,438","41,852","19.45K","0.13"
"Jun 27, 2016","42,289","42,173","42,665","42,173","20.22K","-0.24"
"Jun 24, 2016","42,392","41,749","42,990","41,749","34.83K","2.92"
"Jun 23, 2016","41,190","41,105","41,530","40,911","22.91K","-0.01"
"Jun 22, 2016","41,193","41,260","41,341","40,942","17.96K","-0.39"
"Jun 21, 2016","41,355","41,688","41,747","41,151","22.76K","-1.05"
"Jun 20, 2016","41,795","41,162","41,980","41,162","25.14K","1.05"
"Jun 17, 2016","41,362","41,415","41,475","40,978","19.65K","-0.77"
"Jun 16, 2016","41,684","41,700","42,441","41,451","30.03K","0.33"
"Jun 15, 2016","41,547","41,434","41,599","41,315","15.01K","0.07"
"Jun 14, 2016","41,519","41,312","41,615","41,105","19.61K","0.17"
"Jun 13, 2016","41,447","40,898","41,509","40,751","19.92K","0.92"
"Jun 10, 2016","41,068","40,912","41,140","40,681","20.96K","0.39"
"Jun 09, 2016","40,909","40,495","40,989","40,180","24.28K","1.63"
"Jun 08, 2016","40,254","39,050","40,444","39,050","27.39K","3.19"
"Jun 07, 2016","39,010","39,151","39,232","38,715","16.14K","-0.34"
"Jun 06, 2016","39,142","39,203","39,443","39,092","14.06K","0.16"
"Jun 03, 2016","39,079","38,568","39,291","38,511","18.76K","1.43"
"Jun 02, 2016","38,528","38,520","38,611","38,401","10.48K","0.18"
"Jun 01, 2016","38,460","38,351","38,780","38,270","17.35K","0.16"
"May 31, 2016","38,400","38,690","38,790","38,351","14.85K","-0.46"
"May 30, 2016","38,577","38,501","38,684","38,357","12.04K","-0.74"
"May 27, 2016","38,866","38,950","39,127","38,778","14.85K","-0.47"
"May 26, 2016","39,051","39,440","39,643","39,014","21.52K","-0.45"
"May 25, 2016","39,229","39,419","39,419","39,101","15.92K","-0.27"
"May 24, 2016","39,337","39,503","39,750","39,290","18.61K","-0.83"
"May 23, 2016","39,665","39,761","39,822","39,379","16.25K","-0.42"
"May 20, 2016","39,834","39,773","40,150","39,684","17.56K","0.03"
"May 19, 2016","39,824","40,871","40,871","39,621","31.71K","-2.98"
"May 18, 2016","41,048","41,081","41,100","40,576","21.61K","-0.32"
"May 17, 2016","41,180","41,157","41,369","40,760","19.47K","0.47"
"May 16, 2016","40,987","41,260","41,495","40,849","17.78K","0.03"
"May 13, 2016","40,974","40,799","41,018","40,253","22.11K","0.42"
"May 12, 2016","40,803","41,403","41,480","40,673","22.81K","-1.12"
"May 11, 2016","41,266","40,900","41,850","40,900","24.27K","1.05"
"May 10, 2016","40,839","40,725","40,907","40,620","13.97K","0.22"
"May 09, 2016","40,749","41,555","41,559","40,511","22.00K","-2.35"
"May 06, 2016","41,731","41,242","41,840","41,141","26.02K","1.99"
"May 05, 2016","40,915","40,915","41,900","40,730","0.26K","0.43"
"May 04, 2016","40,739","40,690","40,832","40,500","0.04K","-0.60"
"May 03, 2016","40,984","41,101","41,363","40,741","0.63K","-0.57"
"May 02, 2016","41,217","41,618","41,975","41,089","2.49K","-0.84"
"Apr 29, 2016","41,566","41,250","41,869","41,250","25.17K","1.27"
"Apr 28, 2016","41,044","40,700","41,150","40,391","22.34K","1.18"
"Apr 27, 2016","40,565","40,350","40,899","40,190","25.35K","0.93"
"Apr 26, 2016","40,190","40,083","40,280","39,691","21.61K","0.22"
"Apr 25, 2016","40,102","40,300","40,375","39,705","23.83K","0.29"
"Apr 22, 2016","39,985","40,151","40,819","39,800","29.59K","-0.25"
"Apr 21, 2016","40,086","40,400","41,421","39,480","55.37K","-0.11"
"Apr 20, 2016","40,132","39,850","40,290","39,578","28.84K","0.97"
"Apr 19, 2016","39,747","38,548","40,042","38,548","20.83K","3.72"
"Apr 18, 2016","38,322","38,251","38,520","38,150","13.32K","-0.48"
"Apr 15, 2016","38,507","38,351","38,647","38,160","9.82K","0.52"
"Apr 14, 2016","38,306","38,230","38,450","38,005","12.10K","-0.67"
"Apr 13, 2016","38,563","38,200","38,600","37,965","22.51K","0.66"
"Apr 12, 2016","38,312","37,685","38,370","37,515","25.97K","1.45"
"Apr 11, 2016","37,764","36,750","37,844","36,715","22.72K","2.98"
"Apr 08, 2016","36,671","36,600","36,699","36,150","14.69K","0.79"
"Apr 07, 2016","36,382","36,048","36,621","36,000","22.68K","1.10"
"Apr 06, 2016","35,986","36,079","36,280","35,752","18.74K","-0.27"
"Apr 05, 2016","36,082","35,825","36,340","35,811","16.88K","1.41"
"Apr 04, 2016","35,581","35,995","35,995","35,551","13.33K","-0.95"
"Apr 01, 2016","35,922","36,704","36,848","35,419","28.82K","-2.26"
"Mar 31, 2016","36,751","36,377","36,900","36,330","16.06K","1.16"
"Mar 30, 2016","36,329","36,624","36,840","36,256","18.13K","-0.63"
"Mar 29, 2016","36,560","36,518","36,743","36,241","19.31K","-0.01"
"Mar 28, 2016","36,563","36,600","36,901","36,452","12.37K","-0.29"
"Mar 24, 2016","36,669","36,720","36,945","36,621","6.65K","-0.26"
"Mar 23, 2016","36,766","37,786","37,837","36,737","26.08K","-2.90"
"Mar 22, 2016","37,864","37,870","38,291","37,755","18.70K","0.00"
"Mar 21, 2016","37,864","37,769","37,940","37,486","18.32K","0.29"
"Mar 18, 2016","37,756","38,347","38,588","37,577","21.72K","-1.01"
"Mar 17, 2016","38,143","37,250","38,290","37,250","29.53K","3.37"
"Mar 16, 2016","36,899","36,951","37,172","36,855","11.09K","-0.48"
"Mar 15, 2016","37,077","37,225","37,317","36,883","17.78K","-0.92"
"Mar 14, 2016","37,420","37,505","38,142","37,283","22.60K","-0.51"
"Mar 11, 2016","37,610","37,740","37,815","37,408","16.53K","-0.16"
"Mar 10, 2016","37,670","37,150","37,740","36,655","26.99K","1.20"
"Mar 09, 2016","37,223","37,160","37,373","36,884","20.02K","-0.55"
"Mar 08, 2016","37,427","37,500","38,150","37,360","21.57K","-0.38"
"Mar 07, 2016","37,569","37,922","38,180","37,402","11.24K","2.03"
"Mar 04, 2016","36,821","36,594","37,230","36,553","0.09K","1.42"
"Mar 03, 2016","36,304","35,967","36,370","35,736","0.26K","0.70"
"Mar 02, 2016","36,051","35,680","36,151","35,680","0.39K","1.21"
"Mar 01, 2016","35,621","36,250","36,475","35,583","1.95K","-1.27"
"Feb 29, 2016","36,081","36,103","36,274","35,910","13.49K","-0.47"
"Feb 26, 2016","36,250","37,105","37,117","36,145","23.65K","-2.57"
"Feb 25, 2016","37,207","37,171","37,444","36,860","19.79K","-0.06"
"Feb 24, 2016","37,230","37,279","37,923","36,988","25.20K","0.15"
"Feb 23, 2016","37,176","36,980","37,333","36,925","17.24K","0.53"
"Feb 22, 2016","36,981","37,115","37,136","36,392","21.40K","-1.43"
"Feb 19, 2016","37,517","37,483","37,750","37,302","18.16K","-0.01"
"Feb 18, 2016","37,522","37,130","37,582","36,968","14.84K","0.87"
"Feb 17, 2016","37,197","37,350","37,406","36,933","15.93K","-0.06"
"Feb 16, 2016","37,219","36,900","37,470","36,777","20.73K","0.35"
"Feb 15, 2016","37,088","37,620","37,620","36,826","16.98K","-2.36"
"Feb 12, 2016","37,984","38,085","38,241","37,771","15.83K","-0.79"
"Feb 11, 2016","38,288","36,936","38,800","36,936","36.45K","4.10"
"Feb 10, 2016","36,780","37,100","37,100","36,425","22.64K","-1.26"
"Feb 09, 2016","37,248","37,227","37,345","36,886","20.48K","0.33"
"Feb 08, 2016","37,127","36,113","37,280","36,007","29.56K","3.69"
"Feb 05, 2016","35,806","35,866","36,093","35,526","23.10K","-0.06"
"Feb 04, 2016","35,829","35,599","35,995","35,541","17.84K","0.27"
"Feb 03, 2016","35,732","34,915","35,790","34,852","26.10K","2.66"
"Feb 02, 2016","34,805","34,807","35,100","34,704","14.89K","-0.19"
"Feb 01, 2016","34,870","34,789","35,052","34,617","16.08K","0.35"
"Jan 29, 2016","34,750","34,822","34,855","34,516","15.96K","-0.16"
"Jan 28, 2016","34,806","35,310","35,363","34,500","21.66K","-1.39"
"Jan 27, 2016","35,296","34,964","35,418","34,964","18.11K","1.78"
"Jan 25, 2016","34,679","34,277","34,800","34,277","19.29K","1.17"
"Jan 22, 2016","34,277","34,292","34,870","34,225","20.18K","-0.28"
"Jan 21, 2016","34,374","34,601","34,739","34,021","24.64K","-0.91"
"Jan 20, 2016","34,689","34,380","34,832","34,334","23.82K","0.76"
"Jan 19, 2016","34,428","34,090","34,489","33,962","22.84K","0.97"
"Jan 18, 2016","34,096","34,083","34,149","33,842","10.73K","0.12"
"Jan 15, 2016","34,054","33,738","34,489","33,670","25.01K","1.24"
"Jan 14, 2016","33,638","34,175","34,320","33,579","24.59K","-1.56"
"Jan 13, 2016","34,171","33,386","34,231","33,325","27.33K","2.34"
"Jan 12, 2016","33,389","33,583","33,650","33,313","20.30K","-0.82"
"Jan 11, 2016","33,664","33,900","33,970","33,530","16.83K","-0.47"
"Jan 08, 2016","33,824","34,400","34,400","33,706","25.33K","-2.05"
"Jan 07, 2016","34,531","33,825","34,589","33,639","32.57K","2.24"
"Jan 06, 2016","33,774","33,691","34,125","33,625","29.24K","0.32"
"Jan 05, 2016","33,666","33,600","33,900","33,543","21.01K","0.40"
"Jan 04, 2016","33,533","33,364","34,164","33,364","34.34K","0.59"
"Jan 01, 2016","33,335","33,399","33,411","33,233","2.64K","0.11"
"Dec 31, 2015","33,299","33,543","33,566","33,173","13.27K","-0.27"
"Dec 30, 2015","33,390","33,656","33,696","33,217","18.83K","-0.50"
"Dec 29, 2015","33,558","33,645","33,800","33,513","17.52K","0.32"
"Dec 28, 2015","33,451","34,222","34,236","33,421","21.35K","-2.60"
"Dec 24, 2015","34,345","34,237","34,399","34,173","7.30K","0.38"
"Dec 23, 2015","34,215","34,175","34,338","34,065","15.20K","-0.21"
"Dec 22, 2015","34,286","34,224","34,531","34,140","16.37K","-0.04"
"Dec 21, 2015","34,301","34,033","34,350","33,874","22.72K","1.08"
"Dec 18, 2015","33,933","33,182","34,146","33,115","24.45K","2.30"
"Dec 17, 2015","33,170","34,159","34,159","33,030","28.44K","-3.58"
"Dec 16, 2015","34,400","33,629","34,460","33,502","23.21K","2.40"
"Dec 15, 2015","33,593","33,433","33,645","33,335","17.78K","0.32"
"Dec 14, 2015","33,487","33,917","33,950","33,380","19.06K","-1.46"
"Dec 11, 2015","33,983","34,151","34,292","33,626","22.20K","-0.68"
"Dec 10, 2015","34,215","34,396","34,496","34,190","14.15K","-0.84"
"Dec 09, 2015","34,506","34,374","34,799","34,301","18.72K","0.39"
"Dec 08, 2015","34,373","34,725","34,725","34,225","18.89K","-1.14"
"Dec 07, 2015","34,771","35,136","35,359","34,750","16.12K","1.01"
"Dec 04, 2015","34,424","33,600","34,490","33,521","0.16K","2.83"
"Dec 03, 2015","33,477","33,185","33,621","33,102","0.18K","0.75"
"Dec 02, 2015","33,228","33,413","33,615","33,200","0.46K","-0.21"
"Dec 01, 2015","33,299","33,597","33,763","33,256","3.74K","-0.54"
"Nov 30, 2015","33,480","33,641","33,779","33,412","15.41K","-0.66"
"Nov 27, 2015","33,701","33,900","33,962","33,511","18.24K","-1.11"
"Nov 26, 2015","34,081","33,885","34,324","33,873","14.68K","0.79"
"Nov 25, 2015","33,814","33,725","33,864","33,484","11.49K","-0.22"
"Nov 24, 2015","33,889","33,643","33,997","33,566","17.40K","0.84"
"Nov 23, 2015","33,608","33,465","33,799","33,152","21.46K","0.06"
"Nov 20, 2015","33,589","33,812","34,162","33,474","21.37K","-0.71"
"Nov 19, 2015","33,830","33,744","34,178","33,582","19.76K","0.80"
"Nov 18, 2015","33,562","33,600","33,845","33,400","14.51K","-0.43"
"Nov 17, 2015","33,707","33,827","33,868","33,475","18.70K","-0.26"
"Nov 16, 2015","33,796","34,000","34,299","33,773","17.94K","-0.14"
"Nov 13, 2015","33,845","33,896","34,188","33,753","14.44K","-0.13"
"Nov 12, 2015","33,889","34,173","34,450","33,751","15.12K","-0.88"
"Nov 11, 2015","34,190","34,248","34,270","34,160","2.21K","-0.24"
"Nov 10, 2015","34,272","34,591","34,627","34,034","18.82K","-0.81"
"Nov 09, 2015","34,552","35,081","35,165","34,500","14.42K","-1.03"
"Nov 06, 2015","34,910","35,401","35,550","34,870","19.71K","-1.66"
"Nov 05, 2015","35,500","35,506","35,595","35,272","16.96K","-0.01"
"Nov 04, 2015","35,504","35,962","35,965","35,478","19.37K","-0.82"
"Nov 03, 2015","35,799","36,210","36,280","35,765","19.98K","-1.08"
"Nov 02, 2015","36,191","36,425","36,460","35,951","19.84K","-0.82"
"Oct 30, 2015","36,490","36,589","36,589","36,343","18.17K","-0.15"
"Oct 29, 2015","36,544","37,810","37,810","36,466","36.55K","-3.40"
"Oct 28, 2015","37,832","37,127","37,975","37,095","24.95K","2.07"
"Oct 27, 2015","37,064","36,900","37,145","36,853","14.47K","0.12"
"Oct 26, 2015","37,018","36,922","37,175","36,865","14.55K","0.21"
"Oct 23, 2015","36,942","36,956","37,385","36,662","25.36K","0.06"
"Oct 22, 2015","36,920","36,825","37,070","36,764","10.37K","0.34"
"Oct 21, 2015","36,794","37,087","37,105","36,621","17.08K","-0.67"
"Oct 20, 2015","37,042","36,850","37,190","36,773","21.31K","0.28"
"Oct 19, 2015","36,938","37,175","37,175","36,727","18.63K","-1.20"
"Oct 16, 2015","37,387","37,442","37,535","37,135","16.36K","-0.34"
"Oct 15, 2015","37,513","37,566","37,669","37,068","22.74K","-0.17"
"Oct 14, 2015","37,575","37,419","37,653","36,953","25.15K","0.81"
"Oct 13, 2015","37,272","36,834","37,420","36,649","22.44K","0.79"
"Oct 12, 2015","36,981","36,890","37,419","36,870","21.39K","0.40"
"Oct 09, 2015","36,833","36,771","37,339","36,700","24.46K","-0.11"
"Oct 08, 2015","36,875","37,120","37,120","36,150","29.77K","-1.67"
"Oct 07, 2015","37,501","37,376","37,587","37,043","26.86K","0.45"
"Oct 06, 2015","37,333","36,658","37,719","36,622","34.59K","1.61"
"Oct 05, 2015","36,741","34,800","36,855","34,800","47.48K","6.36"
"Oct 01, 2015","34,544","34,645","34,877","34,404","23.54K","-0.01"
"Sep 30, 2015","34,547","34,858","34,999","34,427","29.84K","-1.17"
"Sep 29, 2015","34,955","35,075","35,229","34,705","22.83K","-0.16"
"Sep 28, 2015","35,011","35,970","36,013","34,815","28.02K","-2.94"
"Sep 25, 2015","36,072","35,998","36,287","35,775","13.04K","-0.39"
"Sep 24, 2015","36,215","35,502","36,384","35,375","22.52K","2.16"
"Sep 23, 2015","35,450","35,279","35,630","35,163","17.16K","0.52"
"Sep 22, 2015","35,267","36,033","36,148","35,186","25.83K","-2.50"
"Sep 21, 2015","36,172","36,000","36,247","35,872","14.89K","0.26"
"Sep 18, 2015","36,077","35,990","36,690","35,855","28.00K","0.40"
"Sep 17, 2015","35,932","35,612","36,049","35,509","14.24K","0.43"
"Sep 16, 2015","35,779","34,648","35,850","34,580","27.81K","3.33"
"Sep 15, 2015","34,625","34,701","34,765","34,451","13.91K","-0.25"
"Sep 14, 2015","34,713","35,158","35,173","34,630","14.71K","-0.75"
"Sep 11, 2015","34,975","35,488","35,535","34,551","23.74K","-1.15"
"Sep 10, 2015","35,383","35,391","35,841","35,321","20.58K","0.25"
"Sep 09, 2015","35,294","35,800","35,988","35,260","20.06K","-1.03"
"Sep 08, 2015","35,663","35,176","35,936","35,032","23.57K","1.34"
"Sep 07, 2015","35,193","35,470","35,538","35,101","9.93K","1.08"
"Sep 04, 2015","34,816","34,900","35,100","34,600","0.07K","0.16"
"Sep 03, 2015","34,762","34,685","34,979","34,530","0.17K","0.10"
"Sep 02, 2015","34,728","34,387","35,019","34,270","0.56K","0.63"
"Sep 01, 2015","34,511","34,756","34,908","34,368","2.86K","-0.20"
"Aug 31, 2015","34,581","34,334","34,748","34,235","12.42K","0.59"
"Aug 28, 2015","34,378","33,666","34,698","33,666","20.70K","0.95"
"Aug 27, 2015","34,056","33,466","34,450","33,401","27.24K","1.89"
"Aug 26, 2015","33,423","34,546","34,551","33,151","34.41K","-3.55"
"Aug 25, 2015","34,652","35,314","35,441","34,471","27.64K","-2.14"
"Aug 24, 2015","35,410","36,050","36,140","34,930","40.17K","-2.18"
"Aug 21, 2015","36,200","36,464","36,786","35,682","33.98K","-0.30"
"Aug 20, 2015","36,310","35,735","36,398","35,735","25.99K","2.20"
"Aug 19, 2015","35,527","34,779","35,739","34,658","28.22K","2.11"
"Aug 18, 2015","34,794","35,805","35,840","34,551","30.35K","-2.85"
"Aug 17, 2015","35,814","35,597","35,930","35,520","15.61K","1.09"
"Aug 14, 2015","35,429","35,915","36,290","35,360","25.09K","-1.61"
"Aug 13, 2015","36,007","35,860","36,180","35,685","21.46K","-0.23"
"Aug 12, 2015","36,091","35,301","36,171","35,252","31.30K","2.15"
"Aug 11, 2015","35,330","34,999","35,385","34,814","29.51K","0.88"
"Aug 10, 2015","35,021","33,957","35,190","33,957","29.08K","2.91"
"Aug 07, 2015","34,031","33,666","34,345","33,571","31.25K","0.96"
"Aug 06, 2015","33,708","33,457","33,786","33,370","18.01K","0.68"
"Aug 05, 2015","33,479","33,443","33,675","33,355","17.06K","-0.01"
"Aug 04, 2015","33,481","33,400","33,638","33,328","17.22K","-0.05"
"Aug 03, 2015","33,499","33,945","33,974","33,431","18.47K","-1.55"
"Jul 31, 2015","34,025","33,900","34,450","33,625","29.06K","0.01"
"Jul 30, 2015","34,020","33,982","34,185","33,750","20.11K","0.13"
"Jul 29, 2015","33,975","33,859","34,250","33,668","19.76K","0.62"
"Jul 28, 2015","33,765","33,760","33,839","33,566","16.74K","-0.49"
"Jul 27, 2015","33,930","33,783","34,145","33,750","20.63K","0.68"
"Jul 24, 2015","33,702","33,836","33,863","33,310","27.52K","-0.60"
"Jul 23, 2015","33,904","34,100","34,384","33,855","18.18K","-0.15"
"Jul 22, 2015","33,955","33,988","34,225","33,663","25.46K","-0.20"
"Jul 21, 2015","34,022","34,057","34,324","33,882","19.52K","-0.36"
"Jul 20, 2015","34,145","34,170","34,473","33,430","33.73K","-0.16"
"Jul 17, 2015","34,200","34,421","34,540","34,121","16.45K","-0.88"
"Jul 16, 2015","34,504","34,747","34,790","34,256","21.55K","-0.55"
"Jul 15, 2015","34,696","35,189","35,238","34,561","23.28K","-1.35"
"Jul 14, 2015","35,172","35,437","35,448","35,080","18.69K","-1.00"
"Jul 13, 2015","35,527","35,625","35,745","35,241","20.89K","-0.25"
"Jul 10, 2015","35,615","35,469","35,885","35,342","17.49K","0.81"
"Jul 09, 2015","35,328","34,950","35,722","34,711","29.29K","0.94"
"Jul 08, 2015","35,000","34,567","35,167","34,100","31.63K","0.97"
"Jul 07, 2015","34,663","36,002","36,075","34,011","44.16K","-4.20"
"Jul 06, 2015","36,181","36,025","36,320","35,775","17.62K","1.40"
"Jul 03, 2015","35,680","35,455","35,725","35,397","0.16K","0.69"
"Jul 02, 2015","35,435","35,300","35,625","35,147","0.60K","0.17"
"Jul 01, 2015","35,376","35,864","35,864","35,335","2.85K","-0.45"
"Jun 30, 2015","35,536","35,778","35,950","35,272","18.79K","-0.89"
"Jun 29, 2015","35,854","36,200","36,429","35,803","18.46K","-0.32"
"Jun 26, 2015","35,968","36,090","36,190","35,416","23.90K","-0.38"
"Jun 25, 2015","36,106","36,311","36,313","35,939","12.96K","-0.21"
"Jun 24, 2015","36,182","35,994","36,265","35,938","18.92K","0.68"
"Jun 23, 2015","35,938","36,700","36,721","35,891","26.96K","-2.17"
"Jun 22, 2015","36,736","36,654","36,900","36,431","21.90K","0.15"
"Jun 19, 2015","36,680","36,879","36,958","36,250","19.27K","-0.57"
"Jun 18, 2015","36,892","36,990","37,481","36,842","30.11K","0.04"
"Jun 17, 2015","36,878","36,818","37,015","36,652","14.44K","0.08"
"Jun 16, 2015","36,848","36,960","37,125","36,651","16.82K","-0.66"
"Jun 15, 2015","37,092","36,675","37,371","36,507","24.77K","1.36"
"Jun 12, 2015","36,594","36,732","36,830","36,534","14.24K","-0.59"
"Jun 11, 2015","36,812","36,786","36,850","36,450","22.33K","0.22"
"Jun 10, 2015","36,733","36,956","37,227","36,682","20.91K","-0.35"
"Jun 09, 2015","36,863","36,977","37,177","36,775","17.14K","0.01"
"Jun 08, 2015","36,861","37,130","37,220","36,769","15.96K","-0.40"
"Jun 05, 2015","37,010","37,176","37,280","36,725","24.08K","-0.44"
"Jun 04, 2015","37,172","38,000","38,065","37,114","26.51K","-2.04"
"Jun 03, 2015","37,948","38,416","38,472","37,810","24.54K","-1.30"
"Jun 02, 2015","38,447","38,309","38,550","38,175","19.87K","0.54"
"Jun 01, 2015","38,242","38,242","39,150","38,030","28.63K","-0.28"
"May 29, 2015","38,349","38,365","38,550","38,217","15.50K","0.14"
"May 28, 2015","38,296","38,340","38,450","38,026","21.31K","-0.15"
"May 27, 2015","38,354","38,583","38,672","38,255","16.54K","-0.41"
"May 26, 2015","38,510","39,040","39,118","38,324","26.37K","-1.61"
"May 25, 2015","39,140","38,762","39,200","38,760","9.12K","0.54"
"May 22, 2015","38,928","39,200","39,538","38,773","23.79K","-0.61"
"May 21, 2015","39,166","39,399","39,455","38,939","18.56K","-0.32"
"May 20, 2015","39,290","39,235","39,550","38,932","21.87K","0.04"
"May 19, 2015","39,276","40,326","40,326","38,856","37.12K","-2.95"
"May 18, 2015","40,470","40,050","40,574","40,050","23.20K","1.30"
"May 15, 2015","39,951","39,591","40,049","39,350","24.87K","0.52"
"May 14, 2015","39,744","39,280","40,130","39,273","32.96K","0.56"
"May 13, 2015","39,524","38,280","39,630","38,253","37.26K","3.02"
"May 12, 2015","38,364","37,764","38,477","37,520","27.94K","1.85"
"May 11, 2015","37,668","37,923","38,137","37,549","20.70K","-0.70"
"May 08, 2015","37,935","37,800","38,150","37,620","24.02K","0.18"
"May 07, 2015","37,865","38,025","38,185","37,640","24.64K","-0.33"
"May 06, 2015","37,992","37,969","38,243","37,742","23.62K","1.87"
"May 05, 2015","37,295","37,100","37,552","36,970","0.41K","0.44"
"May 04, 2015","37,130","36,901","37,742","36,763","0.53K","1.61"
"May 01, 2015","36,540","36,514","36,658","36,077","2.09K","0.07"
"Apr 30, 2015","36,515","37,350","37,730","36,060","24.53K","-3.18"
"Apr 29, 2015","37,714","37,498","37,790","37,150","21.97K","0.50"
"Apr 28, 2015","37,527","37,100","37,600","36,960","23.97K","1.02"
"Apr 27, 2015","37,148","36,060","37,323","36,016","29.06K","3.33"
"Apr 24, 2015","35,950","35,972","36,234","35,677","21.56K","-0.45"
"Apr 23, 2015","36,111","35,830","36,194","35,805","20.19K","0.89"
"Apr 22, 2015","35,791","36,080","36,320","35,591","24.13K","-1.01"
"Apr 21, 2015","36,157","36,205","36,515","36,031","22.13K","0.23"
"Apr 20, 2015","36,074","36,777","36,777","35,950","24.86K","-1.05"
"Apr 17, 2015","36,455","36,428","36,890","36,369","23.16K","-0.09"
"Apr 16, 2015","36,487","36,618","36,850","36,125","21.49K","-0.26"
"Apr 15, 2015","36,581","36,282","36,639","36,066","18.48K","0.70"
"Apr 14, 2015","36,325","36,380","36,570","35,900","18.28K","-0.64"
"Apr 13, 2015","36,560","36,731","36,820","36,423","17.24K","-0.42"
"Apr 10, 2015","36,713","36,444","37,164","36,317","24.91K","1.19"
"Apr 09, 2015","36,283","36,777","36,777","36,085","22.16K","-1.83"
"Apr 08, 2015","36,958","37,718","37,840","36,761","21.92K","-1.93"
"Apr 07, 2015","37,687","38,140","38,140","37,563","17.49K","-1.25"
"Apr 06, 2015","38,163","37,635","38,588","37,635","23.54K","2.18"
"Apr 02, 2015","37,349","37,700","37,729","37,107","14.21K","-1.45"
"Apr 01, 2015","37,900","37,344","38,080","37,030","25.59K","1.97"
"Mar 31, 2015","37,169","37,336","37,671","37,044","20.63K","-0.79"
"Mar 30, 2015","37,466","38,200","38,200","37,412","18.92K","-2.42"
"Mar 27, 2015","38,395","38,319","38,650","37,925","18.98K","-0.56"
"Mar 26, 2015","38,613","38,258","39,090","38,258","22.74K","1.19"
"Mar 25, 2015","38,158","37,870","38,340","37,750","18.35K","0.44"
"Mar 24, 2015","37,991","37,751","38,098","37,669","20.02K","0.56"
"Mar 23, 2015","37,781","37,721","37,990","37,333","19.47K","-0.02"
"Mar 20, 2015","37,789","36,466","37,825","36,239","31.87K","3.90"
"Mar 19, 2015","36,371","35,500","36,436","35,500","25.48K","3.00"
"Mar 18, 2015","35,312","35,331","35,468","35,130","17.82K","-0.12"
"Mar 17, 2015","35,356","35,425","35,650","35,019","23.55K","-0.58"
"Mar 16, 2015","35,563","35,571","35,846","35,352","19.05K","-0.00"
"Mar 14, 2015","35,564","35,564","35,564","35,564","0","0.09"
"Mar 13, 2015","35,533","35,422","35,636","35,370","17.09K","0.59"
"Mar 12, 2015","35,325","35,173","35,539","35,080","22.32K","0.79"
"Mar 11, 2015","35,049","35,725","35,828","34,887","26.95K","-1.82"
"Mar 10, 2015","35,697","35,846","35,990","35,557","23.51K","-0.60"
"Mar 09, 2015","35,914","36,000","36,188","35,838","15.06K","-0.16"
"Mar 06, 2015","35,972","36,460","36,460","35,911","19.84K","-0.68"
"Mar 05, 2015","36,217","36,550","36,550","36,199","0.08K","-0.44"
"Mar 04, 2015","36,378","36,400","36,525","36,230","0.22K","-0.06"
"Mar 03, 2015","36,399","36,789","36,798","36,198","0.70K","-0.67"
"Mar 02, 2015","36,646","37,000","37,180","36,600","2.74K","-0.24"
"Feb 28, 2015","36,736","36,199","36,779","36,130","4.81K","0.94"
"Feb 27, 2015","36,393","36,627","36,745","36,231","18.70K","-0.64"
"Feb 26, 2015","36,628","36,650","37,098","36,559","21.50K","0.47"
"Feb 25, 2015","36,455","36,200","36,829","36,200","22.24K","1.34"
"Feb 24, 2015","35,974","36,314","36,546","35,760","30.17K","-0.62"
"Feb 23, 2015","36,199","36,262","36,771","35,791","30.53K","-0.18"
"Feb 21, 2015","36,265","36,265","36,265","36,265","0","-0.13"
"Feb 20, 2015","36,314","36,500","36,760","36,227","23.66K","-0.29"
"Feb 19, 2015","36,420","36,712","37,135","36,320","27.78K","0.39"
"Feb 18, 2015","36,278","36,513","36,780","36,170","24.44K","-0.26"
"Feb 17, 2015","36,374","37,817","37,817","36,201","25.39K","-4.60"
"Feb 16, 2015","38,128","38,101","38,474","38,034","10.59K","-0.20"
"Feb 13, 2015","38,204","37,500","38,377","37,333","26.16K","2.63"
"Feb 12, 2015","37,225","37,250","37,781","37,050","23.88K","-0.46"
"Feb 11, 2015","37,397","37,656","37,836","37,251","18.85K","-0.54"
"Feb 10, 2015","37,599","37,661","37,950","37,179","22.06K","-0.53"
"Feb 09, 2015","37,798","37,175","37,964","37,072","20.61K","2.09"
"Feb 06, 2015","37,024","38,011","38,250","36,731","30.94K","-2.21"
"Feb 05, 2015","37,859","38,485","38,649","37,410","31.10K","-1.33"
"Feb 04, 2015","38,371","38,390","38,840","37,970","23.90K","0.74"
"Feb 03, 2015","38,091","37,792","39,000","37,703","31.97K","0.23"
"Feb 02, 2015","38,005","38,118","38,276","37,642","18.73K","-0.26"
"Jan 30, 2015","38,105","37,380","38,385","37,201","26.78K","2.20"
"Jan 29, 2015","37,286","39,350","39,350","37,166","41.50K","-5.54"
"Jan 28, 2015","39,472","39,332","39,649","39,307","15.35K","-0.15"
"Jan 27, 2015","39,530","39,468","39,790","39,083","19.65K","-1.25"
"Jan 25, 2015","40,029","40,029","40,029","40,029","0","0.16"
"Jan 23, 2015","39,965","39,999","40,260","39,725","19.04K","-0.28"
"Jan 22, 2015","40,079","39,795","40,438","39,401","32.16K","0.39"
"Jan 21, 2015","39,923","39,772","40,580","39,565","38.61K","1.01"
"Jan 20, 2015","39,522","38,900","39,786","38,900","28.69K","1.27"
"Jan 19, 2015","39,028","38,967","39,279","38,872","16.00K","-0.18"
"Jan 17, 2015","39,098","39,098","39,098","39,098","0","0.09"
"Jan 16, 2015","39,061","38,095","39,380","37,610","31.70K","3.00"
"Jan 15, 2015","37,922","37,601","38,389","37,076","37.80K","-0.02"
"Jan 14, 2015","37,930","37,900","38,100","37,025","30.06K","-0.60"
"Jan 13, 2015","38,158","37,240","38,290","37,240","29.69K","3.21"
"Jan 12, 2015","36,971","37,074","37,304","36,847","15.53K","0.37"
"Jan 09, 2015","36,833","36,820","37,199","36,530","21.89K","-0.33"
"Jan 08, 2015","36,954","37,612","37,613","36,850","21.32K","-2.14"
"Jan 07, 2015","37,762","37,550","37,930","37,211","21.02K","-0.40"
"Jan 06, 2015","37,914","37,166","38,136","37,052","25.88K","2.40"
"Jan 05, 2015","37,026","36,627","37,196","36,385","25.52K","2.18"
"Jan 02, 2015","36,235","36,498","36,820","35,698","27.85K","0.07"
"Jan 01, 2015","36,210","36,148","36,211","36,030","2.45K","0.61"
"Dec 31, 2014","35,990","37,205","37,324","35,858","21.33K","-3.65"
"Dec 30, 2014","37,352","36,568","37,746","36,422","24.64K","2.38"
"Dec 29, 2014","36,484","37,377","37,534","36,431","17.40K","-2.23"
"Dec 26, 2014","37,315","36,655","37,644","36,655","19.74K","2.39"
"Dec 24, 2014","36,445","36,360","36,599","36,319","9.14K","0.06"
"Dec 23, 2014","36,423","36,138","36,660","35,924","17.79K","0.74"
"Dec 22, 2014","36,155","36,918","37,150","35,830","18.14K","-2.13"
"Dec 19, 2014","36,940","36,453","37,030","36,452","16.18K","1.05"
"Dec 18, 2014","36,555","36,899","37,250","36,449","22.07K","-0.48"
"Dec 17, 2014","36,731","36,762","37,047","36,226","22.81K","0.01"
"Dec 16, 2014","36,727","38,191","38,595","36,162","47.99K","-4.14"
"Dec 15, 2014","38,315","38,583","38,889","38,198","18.48K","-1.01"
"Dec 12, 2014","38,707","38,784","38,899","38,460","16.12K","-0.04"
"Dec 11, 2014","38,722","38,668","38,990","38,330","19.01K","0.14"
"Dec 10, 2014","38,668","38,500","39,042","38,162","28.67K","0.38"
"Dec 09, 2014","38,521","36,797","38,730","36,711","35.29K","5.26"
"Dec 08, 2014","36,595","36,610","36,913","36,537","13.98K","1.01"
"Dec 05, 2014","36,230","36,250","36,400","35,760","0.15K","-0.76"
"Dec 04, 2014","36,507","36,300","36,657","36,081","0.35K","0.61"
"Dec 03, 2014","36,285","36,139","36,535","35,931","0.26K","0.35"
"Dec 02, 2014","36,158","36,200","36,587","35,600","1.03K","-1.54"
"Dec 01, 2014","36,723","33,146","36,950","32,626","6.31K","6.36"
"Nov 28, 2014","34,527","35,785","35,785","34,385","23.87K","-3.79"
"Nov 27, 2014","35,887","36,454","36,454","35,705","17.69K","-1.93"
"Nov 26, 2014","36,594","36,521","36,662","36,432","12.96K","0.20"
"Nov 25, 2014","36,520","36,350","36,776","36,350","29.17K","0.76"
"Nov 24, 2014","36,245","36,138","36,366","36,000","18.14K","0.46"
"Nov 21, 2014","36,080","35,901","36,529","35,703","32.89K","0.73"
"Nov 20, 2014","35,819","35,920","36,150","35,632","24.79K","-1.52"
"Nov 19, 2014","36,372","35,790","36,660","35,341","37.72K","1.59"
"Nov 18, 2014","35,804","35,661","36,380","35,661","29.11K","0.49"
"Nov 17, 2014","35,629","35,981","36,284","35,520","30.09K","-1.44"
"Nov 16, 2014","36,150","36,150","36,150","36,150","0","0.33"
"Nov 14, 2014","36,032","34,568","36,266","33,938","50.60K","3.82"
"Nov 13, 2014","34,707","34,745","34,990","34,581","22.69K","0.03"
"Nov 12, 2014","34,695","34,758","34,955","34,514","21.02K","-0.32"
"Nov 11, 2014","34,805","34,455","34,940","34,287","26.29K","0.17"
"Nov 10, 2014","34,745","35,173","35,190","34,537","22.57K","-0.15"
"Nov 07, 2014","34,796","34,100","35,142","33,491","47.82K","1.53"
"Nov 06, 2014","34,271","34,120","34,350","33,901","18.01K","-0.41"
"Nov 05, 2014","34,412","35,227","35,227","33,730","53.32K","-3.05"
"Nov 04, 2014","35,495","35,789","35,810","35,340","13.27K","-1.24"
"Nov 03, 2014","35,942","35,565","36,125","35,290","23.71K","0.41"
"Oct 31, 2014","35,797","36,381","36,431","35,123","45.95K","-2.12"
"Oct 30, 2014","36,574","38,125","38,130","36,310","43.09K","-4.44"
"Oct 29, 2014","38,273","38,155","38,326","37,968","14.95K","0.38"
"Oct 28, 2014","38,129","38,135","38,467","38,106","17.74K","-0.04"
"Oct 27, 2014","38,145","38,070","38,210","37,935","13.59K","0.19"
"Oct 24, 2014","38,074","38,050","38,399","38,014","9.23K","0.15"
"Oct 23, 2014","38,016","38,133","38,170","37,988","5.13K","-0.51"
"Oct 22, 2014","38,209","38,674","38,719","38,070","21.43K","-1.44"
"Oct 21, 2014","38,767","38,600","38,975","38,540","21.79K","0.61"
"Oct 20, 2014","38,533","38,410","38,823","38,410","17.24K","0.35"
"Oct 17, 2014","38,399","38,750","38,882","38,362","19.77K","-1.22"
"Oct 16, 2014","38,872","38,912","39,180","38,610","29.11K","0.27"
"Oct 14, 2014","38,767","38,480","39,018","38,480","24.15K","1.12"
"Oct 13, 2014","38,336","38,730","39,039","38,280","22.46K","-0.46"
"Oct 10, 2014","38,512","38,413","38,639","38,270","19.99K","-0.27"
"Oct 09, 2014","38,615","38,350","39,099","38,350","30.84K","1.04"
"Oct 08, 2014","38,217","38,362","38,875","38,164","25.88K","-0.38"
"Oct 07, 2014","38,363","38,596","39,144","38,130","30.09K","-0.32"
"Oct 06, 2014","38,488","38,019","38,600","37,941","12.68K","1.70"
"Oct 05, 2014","37,845","37,845","37,845","37,845","0","-0.11"
"Oct 03, 2014","37,888","38,555","38,555","37,211","18.09K","-2.10"
"Oct 01, 2014","38,702","38,260","39,083","38,146","27.21K","0.48"
"Sep 30, 2014","38,516","39,337","39,345","38,112","38.41K","-2.13"
"Sep 29, 2014","39,354","39,100","39,478","39,036","15.28K","0.46"
"Sep 27, 2014","39,172","39,172","39,172","39,172","0","0.01"
"Sep 26, 2014","39,169","39,350","39,633","39,000","20.32K","-0.16"
"Sep 25, 2014","39,230","39,090","39,434","38,722","28.79K","-0.09"
"Sep 24, 2014","39,265","39,472","39,692","38,964","24.58K","-0.62"
"Sep 23, 2014","39,511","39,400","39,894","39,110","22.43K","-0.16"
"Sep 22, 2014","39,573","39,348","39,677","38,831","27.95K","-0.13"
"Sep 19, 2014","39,626","40,910","40,964","39,525","27.33K","-3.20"
"Sep 18, 2014","40,934","41,201","41,201","40,600","21.23K","-1.06"
"Sep 17, 2014","41,374","41,497","41,530","41,204","11.31K","-0.25"
"Sep 16, 2014","41,479","41,469","41,774","41,330","18.38K","0.19"
"Sep 15, 2014","41,400","41,400","41,575","41,213","13.39K","0.18"
"Sep 13, 2014","41,325","41,325","41,325","41,325","0","0.04"
"Sep 12, 2014","41,309","41,180","41,398","41,011","16.96K","0.09"
"Sep 11, 2014","41,270","41,941","41,975","41,226","20.03K","-1.64"
"Sep 10, 2014","41,956","42,090","42,274","41,875","12.67K","0.01"
"Sep 09, 2014","41,951","41,866","42,099","41,784","12.78K","0.35"
"Sep 08, 2014","41,804","42,070","42,376","41,640","14.35K","1.18"
"Sep 05, 2014","41,315","41,650","41,836","41,294","0.04K","-0.41"
"Sep 04, 2014","41,485","41,919","41,990","41,380","0.09K","-0.74"
"Sep 03, 2014","41,793","41,689","42,500","41,430","0.27K","0.42"
"Sep 02, 2014","41,617","42,079","42,221","41,515","0.46K","-0.92"
"Sep 01, 2014","42,004","42,200","42,288","41,954","2.42K","-0.59"
"Aug 29, 2014","42,255","42,282","42,471","42,146","7.18K","-0.35"
"Aug 28, 2014","42,405","42,050","42,930","42,050","22.12K","1.13"
"Aug 27, 2014","41,933","42,018","42,150","41,801","12.84K","-0.12"
"Aug 26, 2014","41,985","42,003","42,475","41,940","16.73K","0.15"
"Aug 25, 2014","41,921","41,954","42,189","41,812","10.82K","-0.08"
"Aug 22, 2014","41,955","42,150","42,340","41,780","15.18K","-0.30"
"Aug 21, 2014","42,080","42,288","42,288","41,883","14.52K","-0.62"
"Aug 20, 2014","42,341","42,350","42,494","42,165","12.01K","0.24"
"Aug 19, 2014","42,240","42,720","42,775","42,111","14.99K","-1.00"
"Aug 18, 2014","42,667","43,050","43,050","42,507","11.05K","-1.38"
"Aug 14, 2014","43,263","43,429","43,500","43,070","15.87K","-0.12"
"Aug 13, 2014","43,317","43,719","43,875","43,091","18.63K","-0.90"
"Aug 12, 2014","43,712","43,719","44,050","43,555","13.63K","-0.31"
"Aug 11, 2014","43,847","43,515","43,908","43,414","9.87K","0.64"
"Aug 10, 2014","43,570","43,570","43,570","43,570","0","-0.02"
"Aug 08, 2014","43,580","44,100","44,308","43,472","18.64K","-0.53"
"Aug 07, 2014","43,814","43,966","44,125","43,628","15.66K","-0.24"
"Aug 06, 2014","43,920","43,498","44,183","43,492","18.68K","1.24"
"Aug 05, 2014","43,381","44,005","44,150","43,266","19.54K","-1.68"
"Aug 04, 2014","44,121","44,427","44,640","44,088","12.28K","-0.69"
"Aug 01, 2014","44,427","44,393","44,750","44,309","16.71K","0.06"
"Jul 31, 2014","44,399","44,355","44,800","44,272","17.74K","-0.18"
"Jul 30, 2014","44,480","44,336","44,533","44,076","12.70K","0.48"
"Jul 29, 2014","44,269","44,330","44,650","44,140","10.62K","0.22"
"Jul 28, 2014","44,172","44,390","44,534","44,065","13.65K","-0.24"
"Jul 27, 2014","44,280","44,280","44,280","44,280","0","-0.00"
"Jul 25, 2014","44,281","43,964","44,337","43,875","14.82K","1.13"
"Jul 24, 2014","43,786","44,700","44,950","43,728","23.59K","-2.54"
"Jul 23, 2014","44,928","45,100","45,166","44,878","11.26K","-0.37"
"Jul 22, 2014","45,097","45,001","45,300","44,734","20.02K","-0.17"
"Jul 21, 2014","45,174","45,011","45,535","44,975","14.57K","0.62"
"Jul 20, 2014","44,895","44,895","44,895","44,895","0","-0.08"
"Jul 18, 2014","44,931","45,551","45,571","44,761","16.32K","-1.42"
"Jul 17, 2014","45,579","44,700","45,838","44,642","23.04K","2.25"
"Jul 16, 2014","44,577","44,729","44,787","44,371","17.56K","-0.62"
"Jul 15, 2014","44,854","45,098","45,271","44,601","19.66K","-0.13"
"Jul 14, 2014","44,912","45,851","45,851","44,885","22.79K","-2.40"
"Jul 13, 2014","46,015","46,015","46,015","46,015","0","0.00"
"Jul 12, 2014","46,015","46,015","46,015","46,015","0","-0.12"
"Jul 11, 2014","46,068","46,400","46,400","45,921","12.10K","-0.38"
"Jul 10, 2014","46,242","44,900","46,395","44,840","31.73K","3.25"
"Jul 09, 2014","44,787","44,895","45,096","44,735","11.60K","-0.08"
"Jul 08, 2014","44,823","44,792","45,127","44,661","16.09K","0.10"
"Jul 07, 2014","44,780","44,950","44,950","44,576","12.32K","-0.61"
"Jul 06, 2014","45,056","45,056","45,056","45,056","0","0.96"
"Jul 04, 2014","44,627","44,490","44,750","44,302","0.09K","0.76"
"Jul 03, 2014","44,291","44,187","44,599","44,121","0.14K","-0.95"
"Jul 02, 2014","44,715","44,356","44,900","44,000","0.65K","0.94"
"Jul 01, 2014","44,298","44,315","44,768","44,236","3.13K","0.42"
"Jun 30, 2014","44,114","44,470","44,470","43,922","14.88K","-0.93"
"Jun 27, 2014","44,529","44,758","44,839","44,422","17.29K","-0.24"
"Jun 26, 2014","44,636","44,565","44,776","44,173","20.55K","-0.04"
"Jun 25, 2014","44,653","44,384","44,820","44,114","20.19K","0.36"
"Jun 24, 2014","44,494","44,311","44,970","44,216","21.65K","0.11"
"Jun 23, 2014","44,445","44,400","44,629","44,240","16.94K","-0.28"
"Jun 20, 2014","44,570","44,413","44,840","43,981","29.90K","0.58"
"Jun 19, 2014","44,311","42,350","44,539","42,350","34.42K","4.51"
"Jun 18, 2014","42,398","42,252","42,570","42,128","15.97K","0.06"
"Jun 17, 2014","42,374","42,097","42,448","41,766","19.89K","0.40"
"Jun 16, 2014","42,204","41,999","42,497","41,999","18.78K","0.79"
"Jun 13, 2014","41,875","41,311","41,900","41,305","17.39K","1.51"
"Jun 12, 2014","41,251","40,630","41,298","40,486","22.33K","1.59"
"Jun 11, 2014","40,606","40,550","40,840","40,475","14.28K","0.25"
"Jun 10, 2014","40,506","40,297","40,583","40,113","16.46K","0.52"
"Jun 09, 2014","40,297","39,980","40,370","39,980","12.44K","0.75"
"Jun 06, 2014","39,997","40,113","40,398","39,828","18.27K","-0.71"
"Jun 05, 2014","40,282","39,830","40,470","39,615","22.74K","1.14"
"Jun 04, 2014","39,827","39,899","39,953","39,708","13.03K","0.14"
"Jun 03, 2014","39,773","39,633","40,049","39,633","18.36K","0.37"
"Jun 02, 2014","39,626","39,657","39,859","39,465","18.61K","0.10"
"May 30, 2014","39,586","39,935","40,190","39,517","23.23K","-1.08"
"May 29, 2014","40,019","40,110","40,162","39,604","25.36K","-0.46"
"May 28, 2014","40,202","40,440","40,590","40,000","20.24K","-0.40"
"May 27, 2014","40,365","41,160","41,160","40,212","25.21K","-1.99"
"May 26, 2014","41,183","40,861","41,230","40,780","10.47K","0.95"
"May 23, 2014","40,797","40,926","41,054","40,575","18.72K","-0.44"
"May 22, 2014","40,976","41,000","41,454","40,833","24.36K","0.20"
"May 21, 2014","40,896","41,095","41,347","40,818","19.08K","-0.33"
"May 20, 2014","41,030","40,902","41,127","40,715","19.41K","0.40"
"May 19, 2014","40,866","41,030","41,445","40,780","19.80K","-0.07"
"May 16, 2014","40,894","41,625","41,625","40,854","18.19K","-1.97"
"May 15, 2014","41,717","42,348","42,348","41,575","21.16K","-1.49"
"May 14, 2014","42,348","42,149","42,750","42,149","13.31K","1.11"
"May 13, 2014","41,884","41,980","42,200","41,750","16.00K","-0.48"
"May 12, 2014","42,086","41,469","42,385","41,393","20.51K","1.53"
"May 09, 2014","41,453","41,618","41,895","41,318","16.02K","-0.32"
"May 08, 2014","41,587","41,900","42,098","41,537","18.94K","-0.81"
"May 07, 2014","41,928","42,596","42,869","41,870","24.59K","-1.51"
"May 06, 2014","42,571","42,527","42,818","42,489","15.82K","1.45"
"May 05, 2014","41,961","42,012","42,495","41,835","0.22K","-0.29"
"May 02, 2014","42,083","40,940","42,265","40,900","0.79K","2.88"
"May 01, 2014","40,906","41,023","41,270","40,514","3.64K","-1.02"
"Apr 30, 2014","41,329","41,889","41,889","41,161","25.31K","-1.51"
"Apr 29, 2014","41,962","42,302","42,349","41,810","19.11K","-1.19"
"Apr 28, 2014","42,468","42,746","42,746","42,301","17.36K","-0.26"
"Apr 27, 2014","42,577","42,577","42,577","42,577","0","-0.07"
"Apr 25, 2014","42,607","42,615","42,890","42,381","22.28K","0.29"
"Apr 23, 2014","42,482","42,335","42,660","42,335","14.09K","0.58"
"Apr 22, 2014","42,236","42,002","42,470","41,943","18.47K","0.50"
"Apr 21, 2014","42,027","42,250","42,250","41,760","16.27K","-0.83"
"Apr 17, 2014","42,377","42,336","42,570","42,166","17.55K","-0.09"
"Apr 16, 2014","42,416","42,259","42,757","41,761","24.43K","0.30"
"Apr 15, 2014","42,289","43,050","43,060","41,526","34.28K","-2.17"
"Apr 14, 2014","43,229","43,040","43,365","42,803","11.55K","0.12"
"Apr 11, 2014","43,177","43,405","43,418","43,016","16.19K","-0.71"
"Apr 10, 2014","43,486","42,817","43,840","42,817","26.80K","1.90"
"Apr 09, 2014","42,675","43,201","43,281","42,301","20.51K","-1.21"
"Apr 08, 2014","43,198","43,300","43,430","43,165","8.33K","0.27"
"Apr 07, 2014","43,080","42,970","43,224","42,770","16.61K","0.30"
"Apr 05, 2014","42,951","42,951","42,951","42,951","0","-0.04"
"Apr 04, 2014","42,969","43,108","43,440","42,925","23.78K","-0.12"
"Apr 03, 2014","43,021","43,091","43,435","42,722","21.05K","-0.26"
"Apr 02, 2014","43,135","42,550","43,379","42,528","20.85K","1.28"
"Apr 01, 2014","42,588","42,743","43,000","42,551","14.76K","-0.51"
"Mar 31, 2014","42,805","42,701","43,330","42,701","18.48K","0.11"
"Mar 28, 2014","42,759","42,906","43,180","42,411","21.21K","-0.31"
"Mar 27, 2014","42,891","43,109","43,136","42,559","24.94K","-0.36"
"Mar 26, 2014","43,046","43,528","43,750","42,870","22.13K","-1.06"
"Mar 25, 2014","43,508","43,899","44,163","43,451","23.24K","-1.00"
"Mar 24, 2014","43,949","44,510","44,510","43,900","20.66K","-1.57"
"Mar 21, 2014","44,651","44,871","45,330","44,600","21.62K","-0.76"
"Mar 20, 2014","44,992","45,729","45,729","44,720","28.65K","-1.49"
"Mar 19, 2014","45,673","45,990","46,049","45,227","28.94K","-0.36"
"Mar 18, 2014","45,840","46,600","46,600","45,555","25.86K","-1.93"
"Mar 17, 2014","46,741","46,999","47,071","46,583","8.39K","-0.73"
"Mar 14, 2014","47,084","46,881","47,877","46,723","31.05K","0.75"
"Mar 13, 2014","46,734","46,829","47,071","46,411","24.49K","-0.08"
"Mar 12, 2014","46,771","46,050","46,970","45,921","27.52K","1.90"
"Mar 11, 2014","45,897","45,868","46,786","45,522","30.75K","-0.17"
"Mar 10, 2014","45,973","45,880","46,200","45,570","19.42K","-0.50"
"Mar 07, 2014","46,205","47,134","47,424","45,835","29.87K","-2.10"
"Mar 06, 2014","47,194","46,953","47,360","46,436","21.91K","1.31"
"Mar 05, 2014","46,583","46,511","46,999","46,136","0.18K","0.06"
"Mar 04, 2014","46,557","46,992","47,188","46,278","0.66K","-1.33"
"Mar 03, 2014","47,186","46,362","47,385","46,362","2.70K","1.78"
"Feb 28, 2014","46,362","46,388","46,740","46,255","18.17K","-0.31"
"Feb 27, 2014","46,505","46,804","46,924","46,289","11.43K","-0.29"
"Feb 26, 2014","46,642","47,851","47,942","46,202","29.83K","-2.46"
"Feb 25, 2014","47,817","47,850","47,977","47,362","21.52K","-0.35"
"Feb 24, 2014","47,985","47,310","48,343","47,162","24.30K","1.09"
"Feb 21, 2014","47,467","47,380","47,683","47,250","15.41K","-0.04"
"Feb 20, 2014","47,486","47,592","47,670","47,151","20.33K","-0.63"
"Feb 19, 2014","47,787","47,900","48,022","47,381","23.51K","-0.49"
"Feb 18, 2014","48,023","47,499","48,090","46,932","33.47K","0.60"
"Feb 17, 2014","47,735","47,492","47,931","47,050","29.85K","2.41"
"Feb 14, 2014","46,613","44,999","46,717","44,999","32.01K","3.76"
"Feb 13, 2014","44,922","44,775","44,990","44,618","15.29K","0.19"
"Feb 12, 2014","44,839","44,558","44,899","44,523","14.37K","0.31"
"Feb 11, 2014","44,700","44,780","44,920","44,411","23.57K","0.07"
"Feb 10, 2014","44,670","44,544","45,018","44,487","18.96K","0.68"
"Feb 07, 2014","44,369","44,401","44,700","44,160","22.08K","-0.10"
"Feb 06, 2014","44,413","44,505","45,020","44,280","26.24K","0.05"
"Feb 05, 2014","44,392","43,772","45,223","43,772","35.40K","1.92"
"Feb 04, 2014","43,557","43,717","43,913","43,405","22.22K","-0.69"
"Feb 03, 2014","43,858","43,250","44,150","42,928","25.65K","1.27"
"Jan 31, 2014","43,309","43,269","44,033","43,185","28.68K","0.21"
"Jan 30, 2014","43,220","44,326","44,450","43,080","36.37K","-2.67"
"Jan 29, 2014","44,405","44,100","45,074","43,844","33.44K","0.53"
"Jan 28, 2014","44,169","45,025","45,025","44,127","24.49K","-2.31"
"Jan 27, 2014","45,214","44,880","45,439","44,810","20.86K","1.17"
"Jan 24, 2014","44,691","44,864","45,649","44,622","29.32K","-0.49"
"Jan 23, 2014","44,910","44,230","45,180","44,112","30.12K","1.29"
"Jan 22, 2014","44,338","44,558","44,596","44,200","14.51K","-0.32"
"Jan 21, 2014","44,480","44,900","44,918","44,140","26.52K","-1.21"
"Jan 20, 2014","45,024","45,084","45,265","44,955","11.53K","-0.25"
"Jan 17, 2014","45,136","44,560","45,274","44,380","22.63K","1.33"
"Jan 16, 2014","44,545","44,801","44,931","44,402","19.10K","-0.54"
"Jan 15, 2014","44,785","44,666","44,889","44,314","17.96K","-0.35"
"Jan 14, 2014","44,941","45,100","45,600","44,652","20.32K","-0.39"
"Jan 13, 2014","45,118","44,860","45,190","44,350","21.64K","0.66"
"Jan 10, 2014","44,824","44,079","44,912","43,950","25.73K","1.59"
"Jan 09, 2014","44,124","44,170","44,254","43,680","22.53K","0.58"
"Jan 08, 2014","43,869","44,340","44,489","43,600","28.65K","-1.48"
"Jan 07, 2014","44,526","45,427","45,575","44,350","26.85K","-1.86"
"Jan 06, 2014","45,370","45,421","45,740","45,033","27.42K","-0.23"
"Jan 04, 2014","45,475","45,475","45,475","45,475","0","0.00"
"Jan 03, 2014","45,475","45,300","45,729","45,064","24.57K","0.28"
"Jan 02, 2014","45,348","44,000","45,500","44,000","30.70K","3.35"
"Jan 01, 2014","43,876","43,870","44,034","43,735","2.30K","0.10"
"Dec 31, 2013","43,833","44,112","44,588","42,435","42.03K","-0.84"
"Dec 30, 2013","44,203","44,829","44,879","44,127","21.28K","-2.11"
"Dec 27, 2013","45,154","44,747","45,226","44,614","17.29K","0.84"
"Dec 26, 2013","44,776","44,029","45,098","43,983","19.59K","1.78"
"Dec 24, 2013","43,992","43,799","44,150","43,709","11.28K","0.18"
"Dec 23, 2013","43,913","43,876","44,136","43,700","14.28K","-0.21"
"Dec 20, 2013","44,007","43,866","44,295","43,566","21.27K","0.31"
"Dec 19, 2013","43,869","45,020","45,020","43,629","29.38K","-3.26"
"Dec 18, 2013","45,348","44,875","45,475","44,794","16.97K","1.37"
"Dec 17, 2013","44,734","45,110","45,628","44,580","29.03K","-1.31"
"Dec 16, 2013","45,330","44,563","45,665","44,062","26.49K","1.24"
"Dec 13, 2013","44,776","44,231","44,912","44,051","20.50K","0.69"
"Dec 12, 2013","44,468","45,747","45,800","44,370","26.84K","-2.76"
"Dec 11, 2013","45,730","45,499","45,845","45,251","19.04K","0.62"
"Dec 10, 2013","45,450","44,398","45,549","44,398","25.99K","2.92"
"Dec 09, 2013","44,160","43,951","44,317","43,737","15.71K","0.25"
"Dec 06, 2013","44,052","44,144","44,700","43,584","27.31K","2.10"
"Dec 05, 2013","43,146","43,415","43,749","42,700","0.75K","-1.56"
"Dec 04, 2013","43,831","43,000","43,961","42,418","0.86K","2.31"
"Dec 03, 2013","42,843","42,845","43,200","42,600","1.27K","-0.39"
"Dec 02, 2013","43,012","44,011","44,090","42,856","3.56K","-2.85"
"Nov 29, 2013","44,274","44,096","44,649","43,986","16.28K","0.33"
"Nov 28, 2013","44,128","44,049","44,189","43,950","7.48K","-0.12"
"Nov 27, 2013","44,179","44,350","44,861","44,086","14.96K","-0.63"
"Nov 26, 2013","44,460","44,490","45,124","44,361","15.86K","-0.09"
"Nov 25, 2013","44,500","44,301","44,670","43,925","18.88K","-0.11"
"Nov 22, 2013","44,547","45,167","45,240","44,455","16.45K","-1.31"
"Nov 21, 2013","45,137","44,851","45,336","44,551","23.55K","0.31"
"Nov 20, 2013","44,999","45,621","45,849","44,900","21.35K","-0.97"
"Nov 19, 2013","45,440","45,156","45,660","45,060","16.94K","0.23"
"Nov 18, 2013","45,335","46,541","46,680","45,265","18.93K","-3.01"
"Nov 15, 2013","46,741","46,859","46,944","46,655","6.73K","-0.47"
"Nov 14, 2013","46,961","46,780","47,280","46,780","17.96K","0.61"
"Nov 13, 2013","46,677","47,560","47,560","46,547","23.89K","-2.25"
"Nov 12, 2013","47,750","48,150","48,489","47,659","19.48K","-1.29"
"Nov 11, 2013","48,373","48,500","48,573","48,137","14.01K","0.48"
"Nov 08, 2013","48,144","48,590","48,914","48,004","19.88K","-0.61"
"Nov 07, 2013","48,440","48,535","49,150","47,901","23.58K","-0.43"
"Nov 06, 2013","48,649","48,105","49,154","48,002","16.70K","1.02"
"Nov 05, 2013","48,159","48,050","48,249","47,732","13.07K","-0.20"
"Nov 04, 2013","48,257","48,603","48,688","48,120","4.56K","-0.97"
"Nov 03, 2013","48,732","48,700","48,825","48,698","1.28K","0.12"
"Nov 01, 2013","48,675","48,502","48,919","48,200","17.33K","0.50"
"Oct 31, 2013","48,431","50,100","50,100","48,100","22.96K","-3.19"
"Oct 30, 2013","50,028","49,430","50,391","49,334","20.25K","1.18"
"Oct 29, 2013","49,445","49,777","49,824","49,060","19.61K","-0.23"
"Oct 28, 2013","49,561","49,655","49,980","49,432","17.49K","-0.30"
"Oct 25, 2013","49,709","49,930","50,030","49,151","21.54K","-0.79"
"Oct 24, 2013","50,107","49,904","50,330","49,719","18.33K","0.70"
"Oct 23, 2013","49,760","49,751","50,199","49,656","16.33K","-0.25"
"Oct 22, 2013","49,884","48,948","49,990","48,550","25.92K","1.44"
"Oct 21, 2013","49,178","48,255","49,280","48,255","17.35K","2.04"
"Oct 18, 2013","48,195","47,850","48,666","47,606","18.02K","0.14"
"Oct 17, 2013","48,126","47,231","48,853","46,762","28.79K","1.59"
"Oct 16, 2013","47,372","47,363","47,540","46,910","11.95K","0.19"
"Oct 15, 2013","47,281","47,105","47,394","45,951","30.47K","-0.20"
"Oct 14, 2013","47,374","46,788","47,986","46,654","16.48K","1.03"
"Oct 11, 2013","46,891","48,021","48,030","46,700","23.09K","-2.84"
"Oct 10, 2013","48,264","49,189","49,221","48,165","19.39K","-1.52"
"Oct 09, 2013","49,009","49,860","49,875","48,578","20.03K","-1.89"
"Oct 08, 2013","49,952","49,665","50,123","49,261","18.32K","0.65"
"Oct 07, 2013","49,630","49,160","49,800","48,350","19.66K","2.97"
"Oct 04, 2013","48,197","48,201","48,600","47,788","20.35K","-0.94"
"Oct 03, 2013","48,653","48,358","48,891","47,870","22.64K","1.57"
"Oct 01, 2013","47,902","48,960","49,325","46,866","30.72K","-2.54"
"Sep 30, 2013","49,148","49,305","49,899","48,652","19.48K","-1.07"
"Sep 27, 2013","49,680","48,406","50,215","48,191","23.11K","2.14"
"Sep 26, 2013","48,639","49,000","49,444","48,322","22.50K","-1.08"
"Sep 25, 2013","49,171","49,225","49,550","48,650","21.28K","0.04"
"Sep 24, 2013","49,152","49,390","49,531","48,460","20.88K","-0.49"
"Sep 23, 2013","49,393","48,728","49,457","48,432","17.53K","0.18"
"Sep 20, 2013","49,306","51,301","51,649","49,170","28.00K","-4.72"
"Sep 19, 2013","51,750","49,956","52,165","49,956","25.64K","4.38"
"Sep 18, 2013","49,577","49,290","49,899","48,488","24.08K","0.36"
"Sep 17, 2013","49,401","49,800","50,419","49,281","20.69K","-0.86"
"Sep 16, 2013","49,832","49,752","50,052","48,866","22.90K","-1.67"
"Sep 14, 2013","50,676","49,550","50,778","49,550","1.85K","2.56"
"Sep 13, 2013","49,410","50,699","50,699","49,160","24.63K","-2.15"
"Sep 12, 2013","50,495","52,140","52,325","50,337","24.50K","-3.71"
"Sep 11, 2013","52,439","52,444","52,896","51,824","18.16K","0.39"
"Sep 10, 2013","52,235","53,955","53,955","51,759","20.14K","-3.48"
"Sep 09, 2013","54,117","54,507","54,787","53,937","7.54K","-1.57"
"Sep 07, 2013","54,982","54,700","55,084","54,700","0.51K","0.30"
"Sep 06, 2013","54,817","54,689","55,520","53,351","22.92K","2.99"
"Sep 05, 2013","53,227","53,180","53,694","52,195","0.09K","0.16"
"Sep 04, 2013","53,141","56,305","57,450","52,800","0.22K","-7.27"
"Sep 03, 2013","57,308","54,890","57,600","54,890","0.37K","4.28"
"Sep 02, 2013","54,954","51,099","55,289","51,099","1.33K","3.27"
"Aug 31, 2013","53,212","53,735","53,735","53,111","1.82K","-1.21"
"Aug 30, 2013","53,864","55,550","55,550","53,411","19.63K","-3.02"
"Aug 29, 2013","55,542","55,951","56,682","54,270","29.60K","-0.42"
"Aug 28, 2013","55,776","57,500","59,942","55,410","40.13K","-2.64"
"Aug 27, 2013","57,290","53,850","57,645","53,850","33.91K","6.51"
"Aug 26, 2013","53,787","53,700","54,737","53,515","28.61K","0.59"
"Aug 24, 2013","53,473","53,606","53,750","53,301","1.73K","0.01"
"Aug 23, 2013","53,469","51,406","53,620","50,980","29.64K","4.44"
"Aug 22, 2013","51,195","51,175","52,200","50,975","27.87K","-0.49"
"Aug 21, 2013","51,446","50,979","51,775","50,005","25.19K","1.96"
"Aug 20, 2013","50,459","51,145","51,198","49,167","32.41K","-1.48"
"Aug 19, 2013","51,215","51,000","51,486","50,250","24.89K","1.09"
"Aug 17, 2013","50,662","50,900","51,198","50,539","2.50K","-0.44"
"Aug 16, 2013","50,887","46,673","51,035","46,673","33.78K","9.26"
"Aug 14, 2013","46,573","46,247","46,690","45,815","27.44K","0.66"
"Aug 13, 2013","46,268","45,999","47,166","45,267","46.81K","0.89"
"Aug 12, 2013","45,861","42,820","46,188","42,820","51.83K","7.41"
"Aug 10, 2013","42,698","42,699","42,765","42,630","1.32K","0.29"
"Aug 09, 2013","42,576","42,296","42,780","42,066","16.44K","0.81"
"Aug 08, 2013","42,235","41,650","42,408","41,505","32.33K","1.73"
"Aug 07, 2013","41,517","41,400","41,580","40,765","29.92K","-0.04"
"Aug 06, 2013","41,533","41,550","42,149","41,460","23.28K","-0.54"
"Aug 05, 2013","41,760","42,061","42,223","41,454","19.26K","-0.50"
"Aug 03, 2013","41,969","42,000","42,035","41,881","0.88K","-0.15"
"Aug 02, 2013","42,034","41,223","42,600","40,661","41.51K","1.51"
"Aug 01, 2013","41,407","41,316","41,799","41,200","24.59K","-0.27"
"Jul 31, 2013","41,520","41,858","42,287","40,966","32.96K","-0.34"
"Jul 30, 2013","41,663","41,048","41,860","40,651","28.45K","1.26"
"Jul 29, 2013","41,146","40,881","41,637","40,726","30.08K","0.23"
"Jul 27, 2013","41,050","40,921","41,238","40,921","1.62K","0.70"
"Jul 26, 2013","40,763","41,327","41,460","40,502","29.85K","-1.63"
"Jul 25, 2013","41,438","41,452","41,542","40,661","32.10K","0.22"
"Jul 24, 2013","41,346","41,854","42,089","41,281","26.93K","-1.21"
"Jul 23, 2013","41,854","42,061","42,222","41,711","20.65K","-0.90"
"Jul 22, 2013","42,234","40,449","42,444","40,449","40.24K","4.66"
"Jul 20, 2013","40,354","40,399","40,429","40,312","0.89K","0.05"
"Jul 19, 2013","40,332","40,650","40,740","40,143","20.24K","-0.35"
"Jul 18, 2013","40,473","40,217","40,600","40,050","29.64K","0.79"
"Jul 17, 2013","40,154","41,150","41,598","39,931","43.14K","-2.11"
"Jul 16, 2013","41,020","40,826","41,289","40,674","22.92K","0.17"
"Jul 15, 2013","40,950","41,536","41,962","40,871","29.33K","-1.28"
"Jul 13, 2013","41,480","41,400","41,500","41,392","1.02K","0.40"
"Jul 12, 2013","41,316","41,561","41,689","41,090","23.59K","-0.91"
"Jul 11, 2013","41,697","40,300","41,948","40,300","40.31K","3.79"
"Jul 10, 2013","40,174","40,060","40,500","39,930","22.30K","0.01"
"Jul 09, 2013","40,168","40,441","40,795","40,118","24.69K","-0.54"
"Jul 08, 2013","40,388","40,249","40,782","39,960","27.17K","0.22"
"Jul 06, 2013","40,298","40,060","40,340","40,060","1.27K","2.27"
"Jul 05, 2013","39,402","40,140","40,186","39,365","0.49K","-2.67"
"Jul 04, 2013","40,484","40,587","40,700","40,400","0.28K","-1.23"
"Jul 03, 2013","40,989","40,154","41,150","40,120","0.58K","2.77"
"Jul 02, 2013","39,883","40,068","40,548","39,750","0.92K","-0.46"
"Jul 01, 2013","40,067","40,184","40,451","39,690","3.91K","-0.35"
"Jun 29, 2013","40,208","40,600","40,619","40,150","5.07K","-0.63"
"Jun 28, 2013","40,461","38,792","40,697","38,536","70.77K","4.29"
"Jun 27, 2013","38,796","39,502","39,863","38,625","52.89K","-1.95"
"Jun 26, 2013","39,568","40,542","40,542","38,825","87.35K","-2.69"
"Jun 25, 2013","40,663","40,702","41,028","40,360","47.49K","-0.42"
"Jun 24, 2013","40,834","41,334","41,334","40,570","58.17K","-1.81"
"Jun 22, 2013","41,586","41,490","41,600","41,490","1.70K","0.21"
"Jun 21, 2013","41,497","41,201","41,620","40,716","64.64K","0.46"
"Jun 20, 2013","41,305","43,800","43,805","41,186","120.41K","-6.03"
"Jun 19, 2013","43,954","43,950","44,108","43,675","32.77K","-0.20"
"Jun 18, 2013","44,041","43,700","44,240","43,620","48.12K","1.02"
"Jun 17, 2013","43,597","43,860","43,860","43,336","32.91K","-0.54"
"Jun 15, 2013","43,834","43,833","43,870","43,800","1.02K","0.11"
"Jun 14, 2013","43,788","43,319","44,499","43,020","54.06K","1.28"
"Jun 13, 2013","43,235","43,717","44,039","43,180","51.34K","-0.71"
"Jun 12, 2013","43,546","43,700","43,788","43,165","41.19K","-0.15"
"Jun 11, 2013","43,611","44,229","44,445","43,307","50.39K","-1.25"
"Jun 10, 2013","44,162","43,140","44,232","42,682","58.80K","2.73"
"Jun 08, 2013","42,990","42,924","43,025","42,840","2.45K","-0.08"
"Jun 07, 2013","43,025","44,416","44,672","42,933","76.05K","-3.33"
"Jun 06, 2013","44,508","44,218","44,744","43,786","54.25K","0.63"
"Jun 05, 2013","44,228","43,820","44,592","43,770","51.66K","1.06"
"Jun 04, 2013","43,763","44,206","44,319","43,500","40.43K","-1.47"
"Jun 03, 2013","44,414","43,636","44,686","43,616","51.99K","2.09"
"Jun 01, 2013","43,504","43,500","43,575","43,350","1.64K","-0.26"
"May 31, 2013","43,616","44,377","44,660","43,350","52.91K","-1.81"
"May 30, 2013","44,421","43,590","44,925","43,526","67.40K","1.63"
"May 29, 2013","43,707","43,381","43,789","43,126","39.86K","1.03"
"May 28, 2013","43,262","43,550","43,926","42,960","61.65K","-0.80"
"May 27, 2013","43,610","43,468","43,742","43,408","17.17K","0.32"
"May 24, 2013","43,473","43,610","43,665","43,050","38.18K","-0.22"
"May 23, 2013","43,571","43,002","43,680","42,733","66.58K","0.80"
"May 22, 2013","43,226","43,202","44,600","43,021","85.17K","0.13"
"May 21, 2013","43,170","43,054","43,648","42,420","73.39K","-0.21"
"May 20, 2013","43,263","42,550","44,294","40,749","97.50K","1.49"
"May 18, 2013","42,629","42,680","42,680","42,550","1.97K","-0.43"
"May 17, 2013","42,814","43,270","43,280","42,551","59.89K","-1.04"
"May 16, 2013","43,262","43,184","43,381","42,281","80.18K","-0.12"
"May 15, 2013","43,314","44,400","44,439","42,950","81.02K","-2.70"
"May 14, 2013","44,516","45,054","45,088","44,152","55.41K","-1.33"
"May 13, 2013","45,118","44,901","45,340","44,861","44.41K","-0.37"
"May 11, 2013","45,284","45,221","45,372","45,216","2.30K","0.49"
"May 10, 2013","45,062","45,114","45,175","44,275","64.90K","-0.23"
"May 09, 2013","45,165","45,094","45,439","44,742","40.05K","0.58"
"May 08, 2013","44,906","44,882","45,157","44,462","47.21K","0.10"
"May 07, 2013","44,861","45,031","45,031","44,180","59.68K","-0.68"
"May 06, 2013","45,168","45,213","45,628","44,905","37.06K","0.26"
"May 04, 2013","45,051","45,100","45,142","44,902","0.11K","0.61"
"May 03, 2013","44,776","45,136","45,523","43,916","1.21K","0.53"
"May 02, 2013","44,541","43,772","45,196","43,598","3.91K","2.02"
"May 01, 2013","43,659","44,755","44,755","43,172","5.72K","-2.62"
"Apr 30, 2013","44,833","45,271","45,439","44,643","35.95K","-1.00"
"Apr 29, 2013","45,284","45,150","45,590","44,906","45.19K","0.54"
"Apr 27, 2013","45,043","44,987","45,090","44,826","3.45K","0.53"
"Apr 26, 2013","44,805","45,399","45,820","44,305","87.77K","-0.82"
"Apr 25, 2013","45,174","42,895","45,330","42,895","78.95K","5.32"
"Apr 24, 2013","42,892","42,829","43,365","42,610","32.55K","0.18"
"Apr 23, 2013","42,814","43,387","43,484","42,338","79.22K","-2.00"
"Apr 22, 2013","43,687","43,550","44,070","43,427","53.02K","0.61"
"Apr 20, 2013","43,423","43,083","43,448","43,083","4.59K","1.16"
"Apr 19, 2013","42,924","43,699","43,783","42,410","35.65K","-0.82"
"Apr 18, 2013","43,278","43,200","43,969","42,871","69.53K","-0.81"
"Apr 17, 2013","43,631","43,870","44,265","42,838","87.02K","-1.28"
"Apr 16, 2013","44,195","43,876","44,851","42,753","115.90K","-0.41"
"Apr 15, 2013","44,378","48,369","48,369","43,522","203.73K","-9.25"
"Apr 13, 2013","48,901","48,785","48,947","48,550","9.01K","-1.07"
"Apr 12, 2013","49,430","51,617","51,667","49,000","119.65K","-4.34"
"Apr 11, 2013","51,674","51,488","51,888","51,215","52.43K","-0.20"
"Apr 10, 2013","51,775","52,180","52,371","51,465","65.26K","-0.74"
"Apr 09, 2013","52,163","51,201","52,447","51,164","58.81K","1.88"
"Apr 08, 2013","51,198","51,520","51,559","51,070","31.53K","-0.72"
"Apr 06, 2013","51,570","51,450","51,593","51,350","1.94K","0.18"
"Apr 05, 2013","51,479","50,921","51,578","50,763","62.51K","1.03"
"Apr 04, 2013","50,955","50,664","51,074","50,553","75.15K","0.46"
"Apr 03, 2013","50,722","51,240","51,450","50,423","89.88K","-1.46"
"Apr 02, 2013","51,473","52,847","52,847","51,254","73.65K","-2.37"
"Apr 01, 2013","52,725","53,205","53,251","52,554","45.25K","-0.65"
"Mar 30, 2013","53,072","53,550","53,600","51,425","10.06K","-0.92"
"Mar 28, 2013","53,564","54,036","54,050","53,385","44.93K","-0.92"
"Mar 27, 2013","54,062","53,916","54,149","53,250","41.77K","-0.03"
"Mar 26, 2013","54,078","54,210","54,275","53,924","36.49K","-0.25"
"Mar 25, 2013","54,212","54,222","54,340","53,614","53.82K","0.10"
"Mar 23, 2013","54,159","54,132","54,174","54,132","0.97K","0.06"
"Mar 22, 2013","54,125","54,989","54,989","53,972","58.85K","-1.70"
"Mar 21, 2013","55,063","54,392","55,100","54,150","50.73K","1.35"
"Mar 20, 2013","54,331","54,648","54,677","54,279","30.76K","-0.69"
"Mar 19, 2013","54,707","54,297","54,810","54,201","49.19K","0.71"
"Mar 18, 2013","54,321","54,250","54,555","54,057","130.36K","0.23"
"Mar 16, 2013","54,194","54,169","54,210","54,160","0.92K","0.00"
"Mar 15, 2013","54,192","54,290","54,522","54,146","40.19K","-0.18"
"Mar 14, 2013","54,289","54,702","54,702","54,084","60.13K","-0.85"
"Mar 13, 2013","54,757","54,875","55,175","54,580","55.24K","-0.34"
"Mar 12, 2013","54,943","54,672","55,199","54,582","47.43K","0.64"
"Mar 11, 2013","54,593","54,980","55,020","54,437","35.94K","-0.48"
"Mar 09, 2013","54,855","54,801","54,872","54,780","0.77K","0.00"
"Mar 08, 2013","54,854","54,674","55,236","53,892","75.93K","0.36"
"Mar 07, 2013","54,656","55,105","55,225","54,616","51.39K","-0.57"
"Mar 06, 2013","54,968","54,810","55,500","54,502","66.92K","2.17"
"Mar 05, 2013","53,803","54,434","54,434","53,750","0.78K","0.00"
"Mar 04, 2013","53,801","54,240","54,240","53,587","1.11K","-0.12"
"Mar 02, 2013","53,867","53,745","53,899","53,620","0.29K","0.29"
"Mar 01, 2013","53,711","53,490","54,087","52,621","9.31K","0.83"
"Feb 28, 2013","53,267","53,800","54,199","53,145","59.51K","-0.96"
"Feb 27, 2013","53,786","54,500","54,500","53,680","54.83K","-1.46"
"Feb 26, 2013","54,582","54,002","54,739","53,401","81.87K","1.13"
"Feb 25, 2013","53,972","53,750","54,190","53,512","66.10K","0.50"
"Feb 23, 2013","53,702","53,428","54,100","53,428","2.88K","0.75"
"Feb 22, 2013","53,304","54,167","54,219","53,156","66.53K","-1.49"
"Feb 21, 2013","54,112","53,671","54,284","53,077","107.88K","0.73"
"Feb 20, 2013","53,720","55,259","55,278","53,266","115.61K","-2.63"
"Feb 19, 2013","55,171","56,330","56,371","54,872","75.26K","-1.86"
"Feb 18, 2013","56,215","56,215","56,415","56,122","29.65K","0.27"
"Feb 16, 2013","56,063","56,050","56,093","56,030","1.80K","-0.04"
"Feb 15, 2013","56,086","56,689","56,743","55,947","70.16K","-0.96"
"Feb 14, 2013","56,630","57,469","57,630","56,550","67.25K","-1.41"
"Feb 13, 2013","57,442","57,699","57,850","57,405","41.92K","-0.20"
"Feb 12, 2013","57,555","57,502","57,633","57,211","55.46K","-0.18"
"Feb 11, 2013","57,661","58,309","58,360","57,542","56.74K","-1.00"
"Feb 09, 2013","58,246","58,163","58,277","58,146","0.98K","0.06"
"Feb 08, 2013","58,212","58,114","58,425","57,966","45.69K","0.29"
"Feb 07, 2013","58,041","58,369","58,645","57,762","78.76K","-0.57"
"Feb 06, 2013","58,376","58,275","58,478","58,076","41.84K","0.03"
"Feb 05, 2013","58,356","58,432","58,790","58,052","63.87K","-0.11"
"Feb 04, 2013","58,418","58,195","58,661","57,910","51.80K","0.00"
"Feb 02, 2013","58,418","58,408","58,462","58,384","1.12K","-0.14"
"Feb 01, 2013","58,502","57,930","58,945","57,729","75.36K","1.13"
"","","","","","",""
"","Highest:59,942","Lowest:32,626","Difference:27,316","Average:41,279","Change %:-33"
